FIPS,"Hospitalization Rate per 100,000",Unemployment Initial Claims,"Hospitals per 100,000","Deaths per 100,000"
1001,NaN,46.9045,1.8,1422.6
1003,NaN,49.7753,1.8,1360.9
1005,NaN,55.9471,4,1897
1007,NaN,57.6821,4.5,2102.7
1009,NaN,26.8423,1.7,1875.9
1011,NaN,51.8533,9.9,2002.4
1013,NaN,65.2102,10.2,2149.4
1015,NaN,69.563,3.5,2076.5
1017,NaN,58.6162,3,1945.6
1019,NaN,30.4689,3.8,2181.9
1021,NaN,41.6662,2.3,1877.6
1023,NaN,41.9216,7.8,2094.9
1025,NaN,73.9116,8.4,1831.1
1027,NaN,35.7932,7.5,2071.6
1029,NaN,36.3476,0,2035.1
1031,NaN,42.1371,1.9,1535.4
1033,NaN,58.1659,3.7,1906.4
1035,NaN,60.9882,8.1,2134.1
1037,NaN,47.6119,0,2025.2
1039,NaN,42.873,8.1,2108.9
1041,NaN,48.1633,14.5,2097.8
1043,NaN,39.8097,2.4,1798.9
1045,NaN,42.4304,2,1754.6
1047,NaN,85.865,2.6,2396.2
1049,NaN,38.3019,1.4,1823.9
1051,NaN,45.5529,2.4,1500.8
1053,NaN,50.06,5.4,2236.9
1055,NaN,58.4713,3.9,2147.3
1057,NaN,43.1336,6.1,2081.2
1059,NaN,44.8961,6.4,1693.1
1061,NaN,37.5423,3.8,2162.3
1063,NaN,80.1914,12.1,2234.9
1065,NaN,85.677,6.8,2118.7
1067,NaN,41.876,0,1929.2
1069,NaN,48.614,4.8,1563.2
1071,NaN,45.6454,1.9,2176.4
1073,NaN,57.5691,2.1,1700.9
1075,NaN,44.732,0,2094.8
1077,NaN,47.7146,1.1,1681
1079,NaN,35.6976,3,2020.8
1081,NaN,38.4721,0.6,1037.6
1083,NaN,33.3879,2.1,1308
1085,NaN,89.093,0,2496.5
1087,NaN,61.7287,5.4,2337.4
1089,NaN,44.1375,1.9,1311
1091,NaN,45.775,5.2,2176.6
1093,NaN,48.2287,6.7,2083.1
1095,NaN,48.1647,2.1,1848.9
1097,NaN,65.1534,1.7,1722.3
1099,NaN,67.9665,4.7,1988.9
1101,NaN,69.0073,3.5,1471.9
1103,NaN,46.1521,3.4,1669.3
1105,NaN,79.497,0,2231.9
1107,NaN,46.956,5,1640.1
1109,NaN,43.863,3,1562.8
1111,NaN,36.1338,4.4,2024.2
1113,NaN,47.586,3.5,1900.3
1115,NaN,41.989,1.1,1712.7
1117,NaN,24.4406,1.4,1014.3
1119,NaN,49.0636,7.9,1875.3
1121,NaN,59.937,2.5,2135.8
1123,NaN,48.7155,4.9,1992.7
1125,NaN,51.8914,3.4,1316.4
1127,NaN,58.0937,1.6,2629.1
1129,NaN,53.5671,6.1,1911.1
1131,NaN,113.245,9.4,2427.8
1133,NaN,48.2425,4.2,2176.7
2013,NaN,NaN,0,0
2016,NaN,NaN,17.5,0
2020,NaN,NaN,3.1,1098.7
2050,NaN,NaN,5.5,1366.9
2060,NaN,NaN,0,0
2068,NaN,NaN,0,0
2070,NaN,NaN,20,1300
2090,NaN,NaN,3,951.8
2100,NaN,NaN,0,0
2105,NaN,NaN,0,0
2110,NaN,NaN,3.1,1080.6
2122,NaN,NaN,5.1,1448.8
2130,NaN,NaN,7.2,1214.3
2150,NaN,NaN,7.5,801.8
2158,NaN,NaN,0,1553.7
2164,NaN,NaN,0,0
2170,NaN,NaN,0.9,1052.9
2180,NaN,NaN,10,1528.8
2185,NaN,NaN,10.1,1164.9
2188,NaN,NaN,13,1525.2
2195,NaN,NaN,0,0
2198,NaN,NaN,0,1759.6
2220,NaN,NaN,23.1,1064
2230,NaN,NaN,0,0
2240,NaN,NaN,0,1185.3
2261,NaN,NaN,32.7,1189.4
2275,NaN,NaN,0,0
2282,NaN,NaN,0,0
2290,NaN,NaN,0,2140
4001,NaN,14.7108,5.6,1804.6
4003,NaN,14.0977,7.1,1408.1
4005,NaN,17.4486,3.5,1055.6
4007,NaN,14.1452,7.4,2141.4
4009,NaN,12.8411,2.6,1221.4
4011,NaN,10.5556,0,1086.2
4012,NaN,10.8009,9.5,2393.6
4013,NaN,18.3214,1.8,984.8
4015,NaN,14.3481,2.4,2291.1
4017,NaN,16.3087,5.4,1647.9
4019,NaN,17.8058,2,1218.2
4021,NaN,17.2105,1.6,1095
4023,NaN,23.0103,2.2,754.7
4025,NaN,15.6853,3,1560.8
4027,NaN,30.5901,1.4,940
5001,NaN,NaN,11.3,2048.5
5003,NaN,NaN,5,1985.4
5005,NaN,NaN,2.4,1915
5007,NaN,NaN,1.8,950.1
5009,NaN,NaN,2.7,1646.2
5011,NaN,NaN,9.2,1973
5013,NaN,NaN,0,2311.9
5015,NaN,NaN,7.1,1771.6
5017,NaN,NaN,19.2,2203.5
5019,NaN,NaN,4.5,1432.4
5021,NaN,NaN,6.7,2215.9
5023,NaN,NaN,4,1950.7
5025,NaN,NaN,0,1945.6
5027,NaN,NaN,4.2,1695.2
5029,NaN,NaN,4.8,1938.6
5031,NaN,NaN,5.5,1280.4
5033,NaN,NaN,1.6,1591.3
5035,NaN,NaN,6.2,1909.3
5037,NaN,NaN,6,2170.8
5039,NaN,NaN,13.9,2478.4
5041,NaN,NaN,17.4,2319.3
5043,NaN,NaN,5.5,1751.4
5045,NaN,NaN,3.2,1225.1
5047,NaN,NaN,5.6,1847.3
5049,NaN,NaN,8.2,1988.8
5051,NaN,NaN,6.1,1912.2
5053,NaN,NaN,0,1611
5055,NaN,NaN,2.2,1756.2
5057,NaN,NaN,4.6,1734.1
5059,NaN,NaN,5.9,2005.9
5061,NaN,NaN,7.5,1873.9
5063,NaN,NaN,2.7,1539.4
5065,NaN,NaN,7.4,2140.8
5067,NaN,NaN,5.9,2206.9
5069,NaN,NaN,2.9,2070.1
5071,NaN,NaN,3.7,1566.8
5073,NaN,NaN,0,2199.9
5075,NaN,NaN,6.1,2160.2
5077,NaN,NaN,0,2036.7
5079,NaN,NaN,0,1733.5
5081,NaN,NaN,8.1,1979.6
5083,NaN,NaN,9.2,1849.4
5085,NaN,NaN,0,1498.8
5087,NaN,NaN,0,1905.2
5089,NaN,NaN,0,2398
5091,NaN,NaN,2.3,1995.8
5093,NaN,NaN,4.8,2293.9
5095,NaN,NaN,0,3058
5097,NaN,NaN,0,1815.3
5099,NaN,NaN,0,2101.8
5101,NaN,NaN,0,1755.3
5103,NaN,NaN,4.2,2190.1
5105,NaN,NaN,0,1632.5
5107,NaN,NaN,5.5,2240.8
5109,NaN,NaN,9.4,1742.7
5111,NaN,NaN,0,2344.2
5113,NaN,NaN,5,1870.4
5115,NaN,NaN,1.6,1407.8
5117,NaN,NaN,0,2093.1
5119,NaN,NaN,5.1,1489.3
5121,NaN,NaN,5.6,1950.1
5123,NaN,NaN,3.9,1894.7
5125,NaN,NaN,1.6,1417.4
5127,NaN,NaN,9.7,2093.2
5129,NaN,NaN,0,1872.3
5131,NaN,NaN,5.5,1554.6
5133,NaN,NaN,5.8,1423.7
5135,NaN,NaN,0,2337.9
5137,NaN,NaN,8,1998.9
5139,NaN,NaN,2.6,2108.6
5141,NaN,NaN,6,1770.8
5143,NaN,NaN,4.6,1020.8
5145,NaN,NaN,3.8,1592.8
5147,NaN,NaN,0,2557.8
5149,NaN,NaN,9.3,1885.3
6001,NaN,62.008,1.6,762.8
6003,NaN,53.188,0,0
6005,NaN,68.132,2.5,1343.2
6007,NaN,64.192,3,1411
6009,NaN,56.85,2.2,1594.2
6011,NaN,83.58,4.6,1054.2
6013,NaN,63.483,1,817.2
6015,NaN,66.573,3.6,1836.3
6017,NaN,56.275,1.6,1032.1
6019,NaN,78.323,1.5,1017.8
6021,NaN,59.473,3.6,1190.9
6023,NaN,62.236,4.4,1524.5
6025,NaN,140.475,1.1,899.8
6027,NaN,54.688,11.1,1578.9
6029,NaN,80.832,1.7,1131.1
6031,NaN,80.503,2.6,903.8
6033,NaN,69.773,3.1,2233.5
6035,NaN,45.5606,3.2,1275.9
6037,NaN,75.6,1.3,834.2
6039,NaN,72.696,1.3,1038.2
6041,NaN,44.4826,1.5,700.1
6043,NaN,75.142,5.7,1625.6
6045,NaN,61.437,3.4,1410.9
6047,NaN,84.769,1.1,980.8
6049,NaN,42.8249,22.8,1868.5
6051,NaN,81.42,7,729.8
6053,NaN,64.13,0.9,767.2
6055,NaN,64.747,2.2,921
6057,NaN,59.883,2,1224.7
6059,NaN,67.207,1.3,714.2
6061,NaN,55.573,1,879.1
6063,NaN,60.386,16,1786.9
6065,NaN,78.605,1,930
6067,NaN,71.612,1.2,1053.5
6069,NaN,75.291,3.3,775.1
6071,NaN,75.352,1.5,1043.2
6073,NaN,71.143,1.1,787.2
6075,NaN,51.515,2.2,780.9
6077,NaN,84.061,1.3,1110.1
6079,NaN,55.692,2.1,978.5
6081,NaN,45.0004,1.4,629.5
6083,NaN,56.773,2,787.9
6085,NaN,49.525,0.9,601.9
6087,NaN,65.627,1.8,825.1
6089,NaN,75.066,3.9,1727.4
6091,NaN,45.149,33.5,0
6093,NaN,69.548,4.6,1875.4
6095,NaN,71.851,1.6,1072.3
6097,NaN,58.569,2.4,975.1
6099,NaN,81.016,2,1138.7
6101,NaN,75.989,4.1,1185.9
6103,NaN,56.543,3.1,1589.6
6105,NaN,53.3047,8,2002.4
6107,NaN,83.021,1.5,1007.4
6109,NaN,74.654,5.5,1509
6111,NaN,64.769,1.4,788.2
6113,NaN,50.276,0.9,736.8
6115,NaN,80.655,2.6,1491.5
8001,NaN,24.2396,1.4,910
8003,NaN,20.661,6,1234.8
8005,NaN,23.9337,1.4,802.8
8007,NaN,22.679,7.3,1118.8
8009,NaN,8.182,27.9,0
8011,NaN,11.563,0,1802.1
8013,NaN,18.7663,2.1,679.6
8014,NaN,20.3552,2.9,667
8015,NaN,18.8016,5,1078.5
8017,NaN,7.852,53.3,0
8019,NaN,27.8072,0,1051.5
8021,NaN,15.218,12.2,1500
8023,NaN,15.529,0,0
8025,NaN,14.227,0,0
8027,NaN,12.888,0,0
8029,NaN,16.1514,3.2,1554
8031,NaN,25.2398,2.5,938.3
8033,NaN,20.096,0,0
8035,NaN,17.1975,1.8,514.3
8037,NaN,29.7857,1.8,447.3
8039,NaN,12.367,0,840.9
8041,NaN,23.1452,1.7,1033.7
8043,NaN,20.8934,2.1,1578.5
8045,NaN,21.4766,3.3,870
8047,NaN,35.495,0,0
8049,NaN,26.5213,12.9,805.2
8051,NaN,23.5556,5.8,678.4
8053,NaN,21.68,0,0
8055,NaN,23.565,14.5,2003.2
8057,NaN,10.874,0,0
8059,NaN,21.18,0.5,939.1
8061,NaN,9.022,72.3,0
8063,NaN,6.548,14,1158.7
8065,NaN,27.155,12.8,856.3
8067,NaN,22.0765,3.6,873.7
8069,NaN,20.2301,2.3,822.5
8071,NaN,18.988,6.9,1958.2
8073,NaN,13.9,17.8,1087.3
8075,NaN,13.5807,4.6,1277.4
8077,NaN,21.2108,2.6,1274.1
8079,NaN,15.19,0,0
8081,NaN,16.4345,7.6,1289.1
8083,NaN,16.3611,3.8,1376.3
8085,NaN,18.2633,2.4,1210.5
8087,NaN,14.8633,7,1218.6
8089,NaN,16.7216,5.4,1681.9
8091,NaN,27.051,0,0
8093,NaN,16.0163,0,1104.8
8095,NaN,6.65,46.7,0
8097,NaN,38.7544,5.6,546
8099,NaN,12.5576,8.2,1520.9
8101,NaN,26.9947,2.4,1569.3
8103,NaN,12.223,31.6,1183.7
8105,NaN,19.394,8.9,1537.8
8107,NaN,27.8992,3.9,800.5
8109,NaN,20.511,0,1373.7
8111,NaN,17.54,0,0
8113,NaN,38.865,0,0
8115,NaN,5.446,43.4,0
8117,NaN,32.5271,3.2,480.5
8119,NaN,21.6386,4,1231.9
8121,NaN,5.531,0,1344.5
8123,NaN,20.6027,0.6,860.6
8125,NaN,5.0782,20,938.1
9001,NaN,NaN,0.8,752.7
9003,NaN,NaN,1.3,1032.2
9005,NaN,NaN,1.7,1140.7
9007,NaN,NaN,1.2,1098.5
9009,NaN,NaN,1.2,1068.4
9011,NaN,NaN,0.7,1152.6
9013,NaN,NaN,2,879.9
9015,NaN,NaN,1.7,1218.5
10001,NaN,NaN,1.1,1358.2
10003,NaN,NaN,1.8,1220
10005,NaN,NaN,1.7,1493.8
11001,NaN,56.235,2.1,1194
12001,460.4,NaN,2.2,1041.3
12003,634.8,NaN,7.1,1671.7
12005,466.3,NaN,2.7,1701.1
12007,530.1,NaN,3.6,1806.6
12009,386.4,NaN,2,1611.3
12011,516.3,NaN,1.4,1024.8
12013,404.5,NaN,6.9,2241.7
12015,511.4,NaN,2.2,1584.9
12017,480,NaN,1.4,2201.7
12019,434.1,NaN,1.4,1272.3
12021,449.4,NaN,1.6,878.8
12023,670.9,NaN,4.3,1886.4
12027,786.9,NaN,2.7,1435.1
12029,682.6,NaN,0,2311.4
12031,223,NaN,1.6,1453
12033,701.4,NaN,2.9,1637.9
12035,356,NaN,0.9,1445.6
12037,281.2,NaN,8.5,1670.1
12039,910.8,NaN,4.4,1708.3
12041,438.2,NaN,0,1555.7
12043,524.6,NaN,0,1413.6
12045,618.7,NaN,6.2,1818.9
12047,566,NaN,0,1789
12049,825.8,NaN,3.7,1222.2
12051,849.5,NaN,2.4,1236.9
12053,528.6,NaN,2.6,1731.6
12055,639.3,NaN,2.8,1777.6
12057,214.1,NaN,1.5,1093.8
12059,462.1,NaN,5.1,2166.7
12061,546.3,NaN,2.5,1323.9
12063,741.1,NaN,4.1,1987.4
12065,552.9,NaN,0,1882.7
12067,561.2,NaN,0,1534.6
12069,420.8,NaN,1.7,1413.8
12071,304.4,NaN,0.9,1194.5
12073,245.8,NaN,1.7,956.6
12075,549.4,NaN,2.5,2070.1
12077,272,NaN,0,1418.9
12079,480.3,NaN,10.8,1764.8
12081,385.5,NaN,1.3,1304.5
12083,583.1,NaN,1.9,1832.9
12085,489.1,NaN,3.1,1239.8
12086,486.2,NaN,1.3,875.8
12087,373.2,NaN,5.3,1584.8
12089,362.3,NaN,1.2,1602
12091,351.7,NaN,2.9,1286.3
12093,1028,NaN,2.4,1832.1
12095,199.8,NaN,1.3,904
12097,391.6,NaN,1.6,993.8
12099,459,NaN,1.3,1046.4
12101,489,NaN,1.9,1590
12103,498.1,NaN,1.8,1558.3
12105,725.3,NaN,0.8,1394.9
12107,763.2,NaN,1.3,2203.3
12109,317,NaN,0.4,1004.1
12111,558,NaN,1.9,1340
12113,501.8,NaN,2.8,1285.2
12115,327.6,NaN,1.6,1294.1
12117,264.4,NaN,1.3,1002.3
12119,445,NaN,1.6,1547.1
12121,721.9,NaN,2.3,1903.1
12123,448.6,NaN,9.2,2053.4
12125,555.6,NaN,20.1,3480.6
12127,400.3,NaN,1.6,1758.8
12129,505.2,NaN,0,1481.8
12131,437.1,NaN,2.8,1406.7
12133,550.6,NaN,4,2106.1
13001,924,70.3928,5.4,1777.7
13003,1386,60.6243,0,1735.6
13005,768.9,60.1523,8.9,2136.8
13007,1067.3,61.0518,0,0
13009,713.9,91.1363,4.5,1668.8
13011,984.8,66.0797,0,1595.7
13013,745,86.6632,1.2,1350.1
13015,774.4,119.2966,0.9,1410.6
13017,911.4,106.0117,6,1965.8
13019,363.6,84.6894,5.2,2031
13021,1146.3,113.7887,5.2,1764.3
13023,366.1,73.7317,7.8,1666.9
13025,402.2,75.3798,0,2069.1
13027,560.8,78.1053,6.4,1811.4
13029,454,91.6048,0,1262.2
13031,282,103.6434,2.6,1176
13033,669,95.8049,4.5,1868.6
13035,512.5,94.9161,4.1,2004.7
13037,1149.2,94.2936,15.7,1841.9
13039,251.5,71.1368,1.9,1201.6
13043,572.2,60.5205,9.2,2168.7
13045,262.4,101.9124,1.7,1545.9
13047,370.8,40.6327,1.5,1486.2
13049,478.1,48.3905,7.7,1472.9
13051,556.7,126.1262,3.1,1310.2
13053,280.8,39.4852,9.4,720.7
13055,710,36.857,0,2263
13057,497.3,76.4382,0.4,931.7
13059,384,106.1724,2.4,933.8
13061,346.4,220.991,0,0
13063,464.1,149.9904,1.4,1186.4
13065,992.8,46.18144,15,2331.5
13067,409.6,89.9491,0.8,858.1
13069,1496.8,80.0494,2.3,1721.9
13071,541.8,66.3247,4.4,1778.8
13073,302.7,62.0138,0,897.7
13075,623.5,97.6518,11.7,1771.4
13077,234.5,99.4115,2.1,1136.7
13079,552,58.946,0,1818.5
13081,712.4,157.8054,4.4,1836.2
13083,382.1,51.6944,6.2,1676.3
13085,976.8,92.9161,0,1503
13087,545.6,86.9606,3.8,2013.2
13089,598.1,111.3304,2.1,996.8
13091,512,76.0339,4.8,1825.6
13093,656.6,80.1753,0,1546.8
13095,1116.8,125.5634,2.2,1727.3
13097,584.2,116.914,1.4,1186.3
13099,712.4,57.1779,9.8,2098.2
13101,325,33.6906,0,1025
13103,394,72.519,3.2,1350.7
13105,669.5,101.3184,5.2,2013.6
13107,548.4,101.8485,4.4,2224.5
13109,671.6,66.669,9.3,1529.7
13111,670.2,63.3048,3.9,1864.1
13113,223.9,90.9531,0.9,936
13115,893.5,113.9743,4.1,1663.5
13117,400.7,66.3091,0.4,629.3
13119,660.2,109.718,8.7,1980.6
13121,459.4,128.4593,1.7,999.5
13123,675,84.1084,3.2,1700.4
13125,634.4,49.5911,0,2337.2
13127,522.2,112.719,2.3,1567.7
13129,565.1,119.1569,1.7,1577.5
13131,699,53.7078,4,1782
13133,768.4,100.4264,11.3,1666.9
13135,580.8,97.4781,0.6,739.2
13137,1037.7,75.3025,2.2,1399
13139,1165.5,77.7857,0.5,1067
13141,1257.8,108.7262,0,2000.5
13143,250.6,101.1607,3.4,2038.4
13145,449.6,81.8983,0,1198
13147,440.6,70.3978,3.8,1459.8
13149,378.8,90.0563,0,2062.5
13151,260.2,122.1787,0.9,1132.8
13153,474.7,83.3967,1.3,1216.3
13155,861.9,72.4305,10.6,1883.4
13157,717.1,86.4211,1.4,1349
13159,434.5,73.3934,7.1,1666.7
13161,625.5,63.5614,6.7,1909.6
13163,991.6,100.0654,6.5,2248.9
13165,955.9,85.2348,11.5,1796.6
13167,999.2,66.4305,0,1740.8
13169,562.6,54.8915,0,1453.7
13171,626.3,88.7637,0,1852.6
13173,261.1,66.7485,9.7,1566.7
13175,739.6,103.9097,4.2,1863.7
13177,618.2,144.7,0,1296.9
13179,354.5,93.9714,3.3,1219.6
13181,657,72.6457,0,1844.6
13183,247.4,52.9528,0,921.1
13185,322.4,116.5457,2.6,1305
13187,858.7,72.8209,3,1374.6
13189,733.8,112.8002,4.6,1899.6
13191,397.5,76.0914,0,1590
13193,616.3,120.712,7.6,2046.7
13195,526.1,93.9524,0,1561.6
13197,467,76.519,0,1844.1
13199,645.5,124.013,14.2,2126.4
13201,703.5,53.6938,17.6,2708.4
13205,1031.9,65.9551,4.5,1937.6
13207,694,64.8586,3.6,1642.4
13209,467.7,111.5949,0,1631.7
13211,445.6,78.8937,10.6,1654.9
13213,608.7,168.7543,2.5,1713.4
13215,590.7,133.2169,3.6,1665.1
13217,589.7,103.9636,0.9,1358.4
13219,328.5,63.7945,0,774.1
13221,498.2,60.0401,0,1368.4
13223,246.3,72.3397,1.2,984.5
13225,795,112.5513,7.3,1916
13227,647.3,72.5586,3.1,1629.1
13229,686,66.9652,0,1748.4
13231,375.7,74.8674,0,1497.3
13233,890,108.7824,2.4,1883.7
13235,487.8,64.5591,9,1752.6
13237,742.8,98.9747,4.6,1586.5
13239,482.7,34.74851,0,0
13241,889.3,71.0104,11.9,1612.6
13243,1185.4,158.4762,14.6,2151.3
13245,658.9,113.3162,5.5,1769.3
13247,952.6,115.8874,1.1,1276
13249,401.1,46.9548,0,1279.6
13251,516.6,146.951,7.2,1901.3
13253,793.7,80.0221,12,2333.1
13255,658.1,112.6517,1.5,1965.2
13257,971.8,100.1957,3.8,2093.3
13259,2016.5,54.7229,16.1,1774.5
13261,884.5,91.7743,3.4,2004.5
13263,653.7,79.0478,0,2072.7
13265,497.5,86.5748,0,0
13267,472.6,49.3881,3.9,1610.8
13269,895.6,89.955,12.4,2189.3
13271,434.6,74.6879,0,1543.2
13273,1289,90.1188,0,1939.4
13275,780.7,96.1653,4.5,1689.6
13277,1020.4,92.1182,2.5,1599.7
13279,643.4,94.4124,3.7,1915.4
13281,1071.5,89.6767,8.4,1822.5
13283,763.7,79.0036,0,1791.7
13285,698.2,127.8741,1.4,1693.5
13287,1087,110.1118,0,2161.3
13289,1221.3,79.8859,0,2430.4
13291,866.6,76.6392,4.2,1537.4
13293,671.4,120.2289,3.8,2174.3
13295,403.4,68.4052,0,1978.1
13297,528.3,91.8669,2.1,1451.3
13299,980.9,79.3035,2.8,1975.9
13301,895.1,89.4629,0,2609
13303,544.5,83.2954,4.9,1775.7
13305,902.4,88.504,3.4,2093.4
13307,574.5,51.4304,0,0
13309,444.2,78.8605,12.7,1193
13311,977.6,66.7496,0,1411.4
13313,715.9,179.471,1,1223.3
13315,817.1,65.5713,0,1645.5
13317,729,68.8028,10.1,2106.1
13319,1328,68.8391,0,2102.7
13321,857.2,62.0647,4.9,1886.8
15001,NaN,60.583,3,1283.7
15003,NaN,59.906,1.8,941.7
15005,NaN,NaN,0,0
15007,NaN,83.286,4.2,1031.4
15009,NaN,83.699,2.4,953.9
16001,NaN,25.0864,2.3,838.4
16003,NaN,16.74,0,0
16005,NaN,17.4403,1.1,1231.4
16007,NaN,6.313,16.5,1107.4
16009,NaN,24.463,10.8,1755.9
16011,NaN,12.5124,6.5,1215.5
16013,NaN,41.9349,4.4,677
16015,NaN,18.067,0,0
16017,NaN,28.1894,2.2,1290
16019,NaN,17.6395,1.7,1015.8
16021,NaN,25.619,8.4,1305.7
16023,NaN,37.006,38.3,0
16025,NaN,2.58,0,0
16027,NaN,15.9707,0.9,991.1
16029,NaN,16.03,14.2,1119
16031,NaN,23.8258,4.2,1127.2
16033,NaN,NaN,0,0
16035,NaN,28.923,22.8,1701.3
16037,NaN,11.89,0,0
16039,NaN,11.1356,3.7,1148.2
16041,NaN,4.558,7.3,1122
16043,NaN,7.4605,0,865.7
16045,NaN,9.7967,5.7,1417.7
16047,NaN,7.2613,6.6,1263.5
16049,NaN,18.9318,12.1,1453.4
16051,NaN,7.5843,0,808.5
16053,NaN,15.1698,4.2,957.7
16055,NaN,25.6996,2.5,1099
16057,NaN,15.5746,2.5,747.5
16059,NaN,19.962,12.6,1771.1
16061,NaN,18.314,0,0
16063,NaN,7.437,0,1007.5
16065,NaN,8.8262,2.5,396.9
16067,NaN,13.9087,4.8,1128.5
16069,NaN,20.8988,2.5,1343.8
16071,NaN,2.627,22.3,0
16073,NaN,8.741,0,1342.7
16075,NaN,9.1574,0,1329
16077,NaN,10.073,12.9,1171.5
16079,NaN,37.855,7.8,2071
16081,NaN,15.1727,8.6,541.2
16083,NaN,22.0769,2.3,1132.7
16085,NaN,35.862,18.1,987.2
16087,NaN,13.809,9.8,1210.5
17001,NaN,28.8193,1.5,1362.4
17003,NaN,25.3094,0,2310.2
17005,NaN,27.5852,6,1286.8
17007,NaN,52.028,1.9,1093.8
17009,NaN,16.767,0,1174.5
17011,NaN,23.8761,6.1,1476.1
17013,NaN,25.744,0,0
17015,NaN,26.4776,0,1537.2
17017,NaN,22.2011,0,1411.1
17019,NaN,20.6368,1.4,840.1
17021,NaN,27.582,6.1,1478.8
17023,NaN,35.266,0,1449.1
17025,NaN,41.978,7.5,1592.1
17027,NaN,24.1145,2.7,1099.9
17029,NaN,28.0536,2,1187
17031,NaN,35.906,1.4,1113
17033,NaN,26.7338,5.3,1350.6
17035,NaN,24.4882,0,1193.6
17037,NaN,27.8329,2.9,893
17039,NaN,22.9878,6.3,1464.9
17041,NaN,17.8838,0,1262.9
17043,NaN,26.4631,0.9,758.7
17045,NaN,24.0727,5.8,1543.8
17047,NaN,31.7775,0,1454.9
17049,NaN,27.894,2.9,1125.5
17051,NaN,28.8759,4.7,1456.9
17053,NaN,22.7003,7.5,1651.1
17055,NaN,39.241,2.6,1912.1
17057,NaN,36.182,2.9,1647.3
17059,NaN,19.288,0,2095.7
17061,NaN,22.253,7.7,1625.3
17063,NaN,31.989,2,1104.5
17065,NaN,25.5287,12.3,1384.3
17067,NaN,16.1324,5.6,1356.2
17069,NaN,22.609,25.6,2736.6
17071,NaN,10.0306,0,1669.4
17073,NaN,22.1789,4.1,1287.4
17075,NaN,18.2821,3.6,1800.5
17077,NaN,26.7935,3.5,1248.7
17079,NaN,21.4859,0,1144.5
17081,NaN,43.003,5.3,1575.9
17083,NaN,23.5881,4.6,1602.1
17085,NaN,22.4657,4.7,1273.1
17087,NaN,29.2408,0,1613.7
17089,NaN,26.882,0.9,810
17091,NaN,28.65,1.8,1488.8
17093,NaN,29.48,0,652.8
17095,NaN,30.339,4,1630.3
17097,NaN,24.2861,1.1,821.5
17099,NaN,31.987,3.7,1461.2
17101,NaN,22.4616,6.3,1649.2
17103,NaN,25.2563,2.9,1408.4
17105,NaN,29.1686,2.8,1526.8
17107,NaN,21.1386,3.5,1431.3
17109,NaN,29.761,3.3,1188.4
17111,NaN,29.678,1,942.4
17113,NaN,23.0505,1.2,863.3
17115,NaN,33.7997,1.9,1513.7
17117,NaN,23.5202,4.4,1544.8
17119,NaN,25.2049,2.6,1464.1
17121,NaN,38.915,5.3,1879.3
17123,NaN,28.3193,0,1803.4
17125,NaN,25.549,7.4,1747.1
17127,NaN,24.7198,7.1,2081
17129,NaN,20.8724,0,1342.8
17131,NaN,20.6959,6.4,1608.9
17133,NaN,17.0927,0,812.6
17135,NaN,31.357,7,1489.5
17137,NaN,22.2906,2.9,1527.5
17139,NaN,17.1881,0,1209.5
17141,NaN,32.2107,2,1300
17143,NaN,36.645,2.2,1375.8
17145,NaN,40.353,14.2,1360.2
17147,NaN,18.5315,12.2,1164.9
17149,NaN,18.679,6.4,1569.4
17151,NaN,18.85,0,0
17153,NaN,26.9008,0,2068.5
17155,NaN,27.5138,0,0
17157,NaN,27.206,9.3,1439
17159,NaN,24.3811,6.3,1547.9
17161,NaN,24.4993,2.1,1375.1
17163,NaN,27.1236,1.5,1465.2
17165,NaN,31.364,8.4,2041.3
17167,NaN,27.4094,2,1327.4
17169,NaN,21.944,14.5,2041.4
17171,NaN,20.2416,0,1563.1
17173,NaN,26.1457,4.6,1315.5
17175,NaN,23.0499,0,1732.1
17177,NaN,29.3013,2.2,1351.9
17179,NaN,31.683,1.5,1287
17181,NaN,24.8311,5.9,1811.1
17183,NaN,27.7015,3.9,1783.7
17185,NaN,19.0469,8.7,1212.2
17187,NaN,15.7595,5.9,1297.6
17189,NaN,23.9509,7.1,1221.9
17191,NaN,34.644,6.1,1420.5
17193,NaN,21.6741,0,1844.1
17195,NaN,27.3218,3.6,1432.8
17197,NaN,31.291,0.7,928.2
17199,NaN,32.5,4.5,1513.7
17201,NaN,47.437,1.4,1493.9
17203,NaN,23.4625,2.6,936
18001,NaN,38.3739,2.8,1077.6
18003,NaN,64.758,2.9,1275.6
18005,NaN,50.9207,1.2,1235
18007,NaN,37.639,0,1421.5
18009,NaN,59.23,8.4,1835.7
18011,NaN,31.5216,1.5,934.3
18013,NaN,49.325,0,1634.5
18015,NaN,41.489,0,1122.9
18017,NaN,53.1075,7.9,1565
18019,NaN,46.3365,3.4,1686.3
18021,NaN,52.223,3.8,1654.6
18023,NaN,47.7538,3.1,1451.2
18025,NaN,60.486,0,2017.4
18027,NaN,25.9456,3,1375.7
18029,NaN,31.6241,4,1503
18031,NaN,54.2678,3.7,1339.9
18033,NaN,47.9673,4.6,1327.9
18035,NaN,62.4987,2.6,1645.9
18037,NaN,40.6384,2.3,1141.8
18039,NaN,60.9527,1.5,1154.4
18041,NaN,71.116,4.3,2139.1
18043,NaN,41.3414,3.9,1464.4
18045,NaN,47.87,0,1541.2
18047,NaN,39.7265,0,1227.1
18049,NaN,51.029,5,1707.1
18051,NaN,44.8709,3,1524.6
18053,NaN,57.7185,4.5,1871.5
18055,NaN,45.2771,3.1,1727.8
18057,NaN,31.571,2.4,647.4
18059,NaN,39.127,1.3,1190.6
18061,NaN,39.0026,2.5,1511.8
18063,NaN,32.5449,1.2,894
18065,NaN,53.5639,2.1,1698.7
18067,NaN,94.5092,3.6,1883.1
18069,NaN,52.1379,2.8,1354.9
18071,NaN,57.4909,2.3,1521.2
18073,NaN,48.8124,3,1411.4
18075,NaN,50.64,4.8,1656.7
18077,NaN,54.3331,9.3,1685.9
18079,NaN,62.3123,3.6,2024.6
18081,NaN,44.1154,1.9,1068.3
18083,NaN,42.9427,2.7,1610
18085,NaN,46.0154,2.5,1167.1
18087,NaN,42.3165,2.5,958.6
18089,NaN,77.9279,3.3,1481.2
18091,NaN,67.392,2.7,1673.5
18093,NaN,51.4896,4.4,1611.6
18095,NaN,68.0848,3.9,1665.4
18097,NaN,80.6861,2.3,1423.7
18099,NaN,47.1525,8.6,1195.7
18101,NaN,33.881,0,1487.7
18103,NaN,64.5365,2.8,1523.9
18105,NaN,47.6306,2,861
18107,NaN,42.3271,2.6,1486.5
18109,NaN,48.4353,2.9,1471.8
18111,NaN,29.27,0,1870
18113,NaN,63.2396,2.1,1302.3
18115,NaN,24.004,0,1454.5
18117,NaN,70.686,5.1,1657.3
18119,NaN,54.408,0,1727
18121,NaN,35.472,0,1447.4
18123,NaN,52.793,5.2,1418.7
18125,NaN,44.526,0,1651.9
18127,NaN,47.0999,1.8,1260.1
18129,NaN,29.4056,0,1311.7
18131,NaN,49.324,8,1740.3
18133,NaN,48.5234,2.6,1220.3
18135,NaN,51.677,4,1722.3
18137,NaN,32.0321,3.5,1521.6
18139,NaN,45.811,6,1548.3
18141,NaN,71.2826,2.6,1341.7
18143,NaN,77.1203,4.2,2253.1
18145,NaN,49.3379,2.2,1495.8
18147,NaN,45.6322,0,1348
18149,NaN,59.871,4.4,1774.6
18151,NaN,43.1611,2.9,1315.6
18153,NaN,52.163,4.8,1764.1
18155,NaN,35.589,0,1604.9
18157,NaN,54.3601,3.6,881.1
18159,NaN,39.692,6.6,1427.8
18161,NaN,22.191,0,1733.7
18163,NaN,58.3924,3.3,1525.1
18165,NaN,43.568,6.5,1815.4
18167,NaN,61.0658,3.7,1569.1
18169,NaN,40.3501,3.2,1534.5
18171,NaN,19.898,12.1,1234.4
18173,NaN,38.3234,6.4,1248.3
18175,NaN,46.4541,3.6,1789.4
18177,NaN,54.7473,3,1964
18179,NaN,38.4784,3.5,1308.2
18181,NaN,50.1737,4.1,1487.6
18183,NaN,45.0243,2.9,1127
19001,NaN,32.104,14.2,1203.5
19003,NaN,26.8049,27.4,0
19005,NaN,27.7174,7.2,1221.8
19007,NaN,43.9192,8,1624.2
19009,NaN,22.8935,18.2,1634.6
19011,NaN,39.5311,3.9,1220.7
19013,NaN,49.0193,2.3,1156.3
19015,NaN,28.2858,3.8,1089.3
19017,NaN,32.9136,8,873.9
19019,NaN,36.4352,9.4,1221.8
19021,NaN,24.8683,5,795
19023,NaN,33.8713,0,1444.4
19025,NaN,26.9462,10.3,1495
19027,NaN,30.614,9.9,1091.6
19029,NaN,30.3348,7.7,1616.4
19031,NaN,32.079,0,912.7
19033,NaN,42.3675,4.7,1399.9
19035,NaN,24.4475,17.7,1413.3
19037,NaN,37.8493,8.4,1170.2
19039,NaN,38.2952,10.6,1549.4
19041,NaN,36.4998,6.2,1084.7
19043,NaN,36.8641,11.4,1196.2
19045,NaN,43.223,6.4,1408.1
19047,NaN,27.0785,5.8,1107.4
19049,NaN,23.1465,1.1,670.9
19051,NaN,27.6285,11.1,1120.1
19053,NaN,23.7487,12.7,1330.8
19055,NaN,32.4155,5.9,990.1
19057,NaN,60.533,2.6,1392.5
19059,NaN,40.5681,5.8,1084.4
19061,NaN,44.4269,3.1,951.9
19063,NaN,39.1394,10.8,1361.7
19065,NaN,37.9105,10.2,1342.8
19067,NaN,41.1238,6.3,1243.6
19069,NaN,25.7399,9.9,1165.5
19071,NaN,18.0384,14.3,1501.5
19073,NaN,29.6723,11.1,1436.4
19075,NaN,33.783,8.1,1032.2
19077,NaN,31.2097,9.3,1044.8
19079,NaN,34.9099,6.7,1203.9
19081,NaN,44.5394,9.3,1017.6
19083,NaN,29.6806,11.9,1162
19085,NaN,19.7003,7.1,1316
19087,NaN,41.3246,10,1171.1
19089,NaN,34.2607,10.9,1077.6
19091,NaN,25.3667,10.5,1141.7
19093,NaN,19.6624,14.6,1330.2
19095,NaN,38.49936,6.2,1084.2
19097,NaN,42.9768,5.1,1255.7
19099,NaN,40.3764,2.7,1327.2
19101,NaN,32.361,5.4,1158.8
19103,NaN,38.2528,2.6,663.1
19105,NaN,37.3929,9.6,1017.2
19107,NaN,34.8854,9.8,1339.9
19109,NaN,26.6607,6.7,945.8
19111,NaN,51.244,8.8,1729.6
19113,NaN,47.973,0.9,988
19115,NaN,37.7504,0,1271.4
19117,NaN,26.6452,11.6,1503.8
19119,NaN,13.3631,8.5,905.9
19121,NaN,42.8403,6.2,1058.5
19123,NaN,44.8585,4.5,1200
19125,NaN,44.916,9,1053.7
19127,NaN,46.7998,2.5,1295.6
19129,NaN,18.1804,6.6,1380.9
19131,NaN,21.8583,9.5,1059.7
19133,NaN,28.9173,11.5,1670.7
19135,NaN,40.2695,12.8,1578.9
19137,NaN,35.3446,10,1639.5
19139,NaN,58.2524,2.3,1185.7
19141,NaN,23.6134,14.5,1119.9
19143,NaN,21.44,16.6,1225.2
19145,NaN,41.5964,19.7,1501.7
19147,NaN,27.1846,11.2,1399.9
19149,NaN,24.5254,4,1032.1
19151,NaN,18.3448,14.8,1572.7
19153,NaN,42.0068,1.8,1027.1
19155,NaN,26.5199,2.1,1395.2
19157,NaN,37.8678,5.3,1171.2
19159,NaN,21.4924,40.3,0
19161,NaN,21.1532,10.3,1481.6
19163,NaN,43.3215,2.3,1157.6
19165,NaN,21.8599,8.6,1191.9
19167,NaN,16.65039,14.3,633.1
19169,NaN,25.1167,4.1,594.3
19171,NaN,36.6128,0,1390.2
19173,NaN,27.3116,0,1243.7
19175,NaN,44.475,8.1,1440.2
19177,NaN,34.6282,14.2,1552.7
19179,NaN,42.3722,2.8,1553.8
19181,NaN,31.9479,0,973.4
19183,NaN,30.9277,4.5,1201.4
19185,NaN,30.1309,15.6,1499.8
19187,NaN,34.4483,2.8,1455.5
19189,NaN,66.163,0,1178.9
19191,NaN,34.4856,5,748.9
19193,NaN,32.3716,2.9,1239.5
19195,NaN,38.4531,0,1341.7
19197,NaN,30.3869,15.8,1292.4
20001,NaN,NaN,16.1,1615.2
20003,NaN,NaN,12.7,1586.7
20005,NaN,NaN,6.2,1500.6
20007,NaN,NaN,67.1,0
20009,NaN,NaN,11.5,1283
20011,NaN,NaN,6.8,1603.8
20013,NaN,NaN,20.8,1823.3
20015,NaN,NaN,3,1322.5
20017,NaN,NaN,0,0
20019,NaN,NaN,30.2,1994.6
20021,NaN,NaN,10,1953.5
20023,NaN,NaN,37.6,0
20025,NaN,NaN,99.8,0
20027,NaN,NaN,12.5,1300.5
20029,NaN,NaN,11.5,1592.4
20031,NaN,NaN,24.3,1579
20033,NaN,NaN,57.2,0
20035,NaN,NaN,5.7,1658.2
20037,NaN,NaN,5.1,1432.6
20039,NaN,NaN,34.8,0
20041,NaN,NaN,10.7,1250.2
20043,NaN,NaN,0,1314.8
20045,NaN,NaN,0.8,763.4
20047,NaN,NaN,35.1,0
20049,NaN,NaN,0,0
20051,NaN,NaN,3.5,947.4
20053,NaN,NaN,16.1,1436.4
20055,NaN,NaN,2.7,849.5
20057,NaN,NaN,3,908.9
20059,NaN,NaN,3.9,1381.1
20061,NaN,NaN,6.1,1076.9
20063,NaN,NaN,38.3,0
20065,NaN,NaN,40.1,0
20067,NaN,NaN,13.6,1104.1
20069,NaN,NaN,0,961.4
20071,NaN,NaN,81.5,0
20073,NaN,NaN,16.5,1998.3
20075,NaN,NaN,38.4,0
20077,NaN,NaN,54.5,2106.8
20079,NaN,NaN,5.8,1292
20081,NaN,NaN,25,0
20083,NaN,NaN,55,0
20085,NaN,NaN,7.5,1310.2
20087,NaN,NaN,5.3,1312.3
20089,NaN,NaN,35.2,0
20091,NaN,NaN,2.8,720.6
20093,NaN,NaN,25.4,0
20095,NaN,NaN,13.7,3351.6
20097,NaN,NaN,39.7,0
20099,NaN,NaN,15,1883.4
20101,NaN,NaN,64.1,0
20103,NaN,NaN,3.7,1108.8
20105,NaN,NaN,33.1,0
20107,NaN,NaN,0,1743.6
20109,NaN,NaN,35.2,0
20111,NaN,NaN,3,1074.7
20113,NaN,NaN,10.5,1265
20115,NaN,NaN,16.7,1497.9
20117,NaN,NaN,10.3,1450.3
20119,NaN,NaN,24.1,1374.8
20121,NaN,NaN,5.9,1175.8
20123,NaN,NaN,16.3,1040.7
20125,NaN,NaN,6.2,1892.9
20127,NaN,NaN,18.1,0
20129,NaN,NaN,37.5,0
20131,NaN,NaN,19.7,1142.3
20133,NaN,NaN,6.3,1504.6
20135,NaN,NaN,105.6,0
20137,NaN,NaN,18.4,1307.6
20139,NaN,NaN,0,1505.6
20141,NaN,NaN,28.8,0
20143,NaN,NaN,17.2,1654.6
20145,NaN,NaN,30.5,1920.1
20147,NaN,NaN,18.8,0
20149,NaN,NaN,12.4,898
20151,NaN,NaN,10.7,1471.5
20153,NaN,NaN,39.9,0
20155,NaN,NaN,3.2,1405.2
20157,NaN,NaN,21.4,1586.6
20159,NaN,NaN,10.5,1479.4
20161,NaN,NaN,2.7,591.6
20163,NaN,NaN,19.9,1456.2
20165,NaN,NaN,32.3,0
20167,NaN,NaN,14.5,1766.3
20169,NaN,NaN,3.7,1389.7
20171,NaN,NaN,40.8,0
20173,NaN,NaN,2.7,1280.4
20175,NaN,NaN,4.6,812.7
20177,NaN,NaN,2.8,1482.8
20179,NaN,NaN,39.5,0
20181,NaN,NaN,17,1305.3
20183,NaN,NaN,27.8,0
20185,NaN,NaN,23.9,1627.6
20187,NaN,NaN,50.3,0
20189,NaN,NaN,18,1205.3
20191,NaN,NaN,8.7,1478.5
20193,NaN,NaN,13,1115.3
20195,NaN,NaN,35.8,0
20197,NaN,NaN,0,1406
20199,NaN,NaN,0,0
20201,NaN,NaN,36.9,0
20203,NaN,NaN,47.5,0
20205,NaN,NaN,23.1,1638.8
20207,NaN,NaN,0,0
20209,NaN,NaN,2.4,1396.7
21001,NaN,70.9733,5.2,1665.4
21003,NaN,69.8899,4.7,1822.7
21005,NaN,71.4968,0,1712
21007,NaN,67.9953,0,1942.6
21009,NaN,75.831,2.3,1695.5
21011,NaN,86.1647,0,2075.4
21013,NaN,43.4489,7.5,2664.8
21015,NaN,46.8827,1.5,1089.5
21017,NaN,146.4981,5,1674.6
21019,NaN,52.3285,2.1,2063.9
21021,NaN,65.464,3.3,1588
21023,NaN,44.7024,0,1942
21025,NaN,65.8088,7.9,2876
21027,NaN,48.8687,4.9,1898.2
21029,NaN,41.6554,0,1372.9
21031,NaN,99.1073,0,2035.7
21033,NaN,57.5655,7.9,1808.9
21035,NaN,74.4444,2.6,1305.7
21037,NaN,30.3452,2.1,1416
21039,NaN,49.4859,0,1802.6
21041,NaN,58.0602,9.3,2272.5
21043,NaN,108.8434,0,2003.4
21045,NaN,150.639,6.3,2001.5
21047,NaN,71.0811,4.2,1460.8
21049,NaN,56.1357,0,1964.2
21051,NaN,75.8671,5,2586.4
21053,NaN,55.0934,9.8,1783.3
21055,NaN,44.2297,11.2,2019.1
21057,NaN,95.655,15,2057.4
21059,NaN,47.4292,3,1507.4
21061,NaN,81.863,0,1808.7
21063,NaN,74.1682,0,1824.7
21065,NaN,76.924,7,2535.6
21067,NaN,92.2144,3.4,1143.7
21069,NaN,63.5257,6.9,1954
21071,NaN,78.349,8.4,2728.4
21073,NaN,108.2412,2,1757.4
21075,NaN,90.5837,16.3,2565.4
21077,NaN,70.5602,0,2151.3
21079,NaN,65.9126,5.7,1628.7
21081,NaN,51.5145,4,1847.1
21083,NaN,81.7922,2.7,1717.7
21085,NaN,131.159,3.8,2070.6
21087,NaN,75.26,9.1,1701.5
21089,NaN,84.4213,2.8,1871.4
21091,NaN,286.3004,0,1427.3
21093,NaN,69.764,3.6,1294.9
21095,NaN,76.3223,3.8,2881.6
21097,NaN,58.2944,5.3,1853.2
21099,NaN,324.5365,5.3,1740.2
21101,NaN,39.2243,2.2,1713.1
21103,NaN,53.2949,0,1750.9
21105,NaN,93.8923,0,2103.6
21107,NaN,118.0301,2.2,1977
21109,NaN,129.9201,0,2350.8
21111,NaN,53.9055,2.2,1553.2
21113,NaN,49.0347,0,1363.1
21115,NaN,54.878,4.5,2506
21117,NaN,37.7782,3,1464
21119,NaN,82.5944,0,2499
21121,NaN,152.925,3.2,2213.8
21123,NaN,91.909,0,1663.5
21125,NaN,73.27,3.3,1860.9
21127,NaN,76.0331,6.4,2401.9
21129,NaN,136.7238,0,2587.8
21131,NaN,61.023,9.9,2770.4
21133,NaN,72.6911,4.6,2698.8
21135,NaN,88.9141,0,2383.6
21137,NaN,102.475,4.1,1911.2
21139,NaN,99.3672,10.8,2304.7
21141,NaN,62.8555,3.7,1671.1
21143,NaN,94.4186,0,1885.4
21145,NaN,65.3421,3.1,1717
21147,NaN,92.1399,0,2441.4
21149,NaN,76.4601,0,2010.4
21151,NaN,64.5611,2.2,1333.8
21153,NaN,150.221,0,2273.1
21155,NaN,95.575,5.2,1592.5
21157,NaN,75.6174,3.2,1981.3
21159,NaN,130.345,0,2446.3
21161,NaN,104.2576,5.8,1842.6
21163,NaN,60.8784,0,1556.7
21165,NaN,144.298,0,2216.7
21167,NaN,213.391,4.6,1850.8
21169,NaN,141.6627,0,1954.1
21171,NaN,106.4203,9.3,2192.6
21173,NaN,78.791,3.5,1819
21175,NaN,91.6462,7.5,1641.1
21177,NaN,75.4929,3.2,1871.7
21179,NaN,84.195,2.2,1531
21181,NaN,179.5116,14,2065.3
21183,NaN,86.58,4.2,1901.4
21185,NaN,38.0661,3,961.3
21187,NaN,80.5165,9.2,1672.8
21189,NaN,55.0665,0,2974.1
21191,NaN,62.703,0,1803.3
21193,NaN,82.318,3.8,3085.2
21195,NaN,63.8281,3.4,2402.3
21197,NaN,93.2197,0,2628.2
21199,NaN,88.214,1.5,2011.7
21201,NaN,41.7644,0,0
21203,NaN,114.3549,6,1982.1
21205,NaN,87.3886,4.1,1521.4
21207,NaN,234.085,5.6,2194
21209,NaN,107.2591,1.8,1213.6
21211,NaN,50.849,2.1,1191.3
21213,NaN,145.2175,5.4,1905.1
21215,NaN,60.711,0,1356.8
21217,NaN,91.1595,3.9,1593
21219,NaN,27.2122,0,1827.6
21221,NaN,91.2879,6.8,1693.6
21223,NaN,93.8402,0,2043.5
21225,NaN,113.7524,6.9,1895.9
21227,NaN,88.4013,3,1222.7
21229,NaN,91.857,0,1646.8
21231,NaN,92.9389,4.9,1895.6
21233,NaN,78.734,0,1929.7
21235,NaN,101.9853,2.8,2480.5
21237,NaN,193.6185,0,2424.4
21239,NaN,55.3524,3.8,1277.7
22001,NaN,NaN,6.4,1651.4
22003,NaN,NaN,7.8,1691.1
22005,NaN,NaN,4,1013.1
22007,NaN,NaN,4.5,1506.7
22009,NaN,NaN,7.4,1917.8
22011,NaN,NaN,5.4,1774.4
22013,NaN,NaN,7.5,2149.1
22015,NaN,NaN,3.9,1201.4
22017,NaN,NaN,5.8,1780
22019,NaN,NaN,6.4,1621.3
22021,NaN,NaN,20.1,2048.2
22023,NaN,NaN,14.4,1133.8
22025,NaN,NaN,0,2050.4
22027,NaN,NaN,6.3,1643.3
22029,NaN,NaN,10.2,2145.9
22031,NaN,NaN,3.6,1683.9
22033,NaN,NaN,4.8,1420.8
22035,NaN,NaN,14.2,2117.4
22037,NaN,NaN,20.7,2025.4
22039,NaN,NaN,6,1862.9
22041,NaN,NaN,5,1920
22043,NaN,NaN,0,1614.6
22045,NaN,NaN,4.2,1733.8
22047,NaN,NaN,3.1,1763.4
22049,NaN,NaN,6.3,1704.2
22051,NaN,NaN,3.9,1480.5
22053,NaN,NaN,12.7,1770
22055,NaN,NaN,7,1123.6
22057,NaN,NaN,3.1,1413.6
22059,NaN,NaN,13.4,1729.6
22061,NaN,NaN,10.6,1097.6
22063,NaN,NaN,0.7,1379.3
22065,NaN,NaN,9,2024.9
22067,NaN,NaN,11.8,2323
22069,NaN,NaN,5.2,1650.3
22071,NaN,NaN,3.3,1491.3
22073,NaN,NaN,6.5,1602.8
22075,NaN,NaN,0,1260.1
22077,NaN,NaN,4.6,1823.2
22079,NaN,NaN,10.7,1769.3
22081,NaN,NaN,23.6,2135.2
22083,NaN,NaN,9.9,1842.3
22085,NaN,NaN,4.2,1772.6
22087,NaN,NaN,4.3,1631
22089,NaN,NaN,1.9,1210.3
22091,NaN,NaN,9.7,2056.1
22093,NaN,NaN,9.5,1606.7
22095,NaN,NaN,2.3,1602.4
22097,NaN,NaN,7.2,1947.7
22099,NaN,NaN,3.7,1661.7
22101,NaN,NaN,4,1798.1
22103,NaN,NaN,5.8,1204.5
22105,NaN,NaN,6.7,1661
22107,NaN,NaN,0,2286
22109,NaN,NaN,4.5,1564.6
22111,NaN,NaN,13.4,1966
22113,NaN,NaN,3.3,1420.7
22115,NaN,NaN,10.2,1465.4
22117,NaN,NaN,8.6,2314.2
22119,NaN,NaN,5.2,2095.5
22121,NaN,NaN,0,1396.3
22123,NaN,NaN,9.1,1821.2
22125,NaN,NaN,6.5,1843.5
22127,NaN,NaN,21.2,2058.9
23001,NaN,NaN,1.9,1381.9
23003,NaN,NaN,8.9,1566.1
23005,NaN,NaN,2.7,1047.2
23007,NaN,NaN,3.3,1434.9
23009,NaN,NaN,7.3,1361
23011,NaN,NaN,6.6,1406.4
23013,NaN,NaN,2.5,1365.3
23015,NaN,NaN,5.8,1421
23017,NaN,NaN,3.5,1605.4
23019,NaN,NaN,4,1433.5
23021,NaN,NaN,11.9,1892.9
23023,NaN,NaN,0,1276.9
23025,NaN,NaN,4,1792.8
23027,NaN,NaN,2.5,1362.9
23029,NaN,NaN,6.4,1864.1
23031,NaN,NaN,2.4,1275.3
24001,NaN,45.7143,2.8,1592.1
24003,NaN,37.6453,0.5,1093.5
24005,NaN,51.2682,0.7,1309.1
24009,NaN,32.0309,1.1,1060.8
24011,NaN,35.7608,0,1525.3
24013,NaN,29.741,1.2,1147.1
24015,NaN,32.8942,1.9,1553.1
24017,NaN,39.1608,0.6,1098.4
24019,NaN,52.214,9.4,1728.2
24021,NaN,34.6978,0.4,942.3
24023,NaN,37.1827,3.4,1416.2
24025,NaN,36.9907,0.8,1192.3
24027,NaN,32.796,0.9,649.1
24029,NaN,39.2432,5.2,1465.2
24031,NaN,35.4637,1,650.3
24033,NaN,46.325,0.7,1114.8
24035,NaN,32.7298,0,1118.4
24037,NaN,28.1357,0.9,1078.4
24039,NaN,56.9197,3.9,1647.5
24041,NaN,36.6506,2.7,1119.9
24043,NaN,42.7528,2,1412.6
24045,NaN,47.0816,2.9,1417.7
24047,NaN,61.993,1.9,1543.7
24510,NaN,62.791,2.8,2060.3
25001,NaN,NaN,1.9,1311.1
25003,NaN,NaN,3.2,1396.9
25005,NaN,NaN,1.8,1235.6
25007,NaN,NaN,5.8,1054.6
25009,NaN,NaN,2,1001.1
25011,NaN,NaN,1.4,1251.4
25013,NaN,NaN,2.1,1222.1
25015,NaN,NaN,2.5,883.8
25017,NaN,NaN,1.5,773.1
25019,NaN,NaN,8.8,776.9
25021,NaN,NaN,2,864.6
25023,NaN,NaN,1.5,1141.6
25025,NaN,NaN,3,822.8
25027,NaN,NaN,1.9,1091.8
26001,NaN,NaN,0,2161.7
26003,NaN,NaN,11,1231.2
26005,NaN,NaN,1.7,1168.5
26007,NaN,NaN,3.5,1562.1
26009,NaN,NaN,0,1352.5
26011,NaN,NaN,6.6,1835
26013,NaN,NaN,12,1838.9
26015,NaN,NaN,1.6,1246
26017,NaN,NaN,2.9,1519.4
26019,NaN,NaN,5.6,1278.7
26021,NaN,NaN,2.6,1462.3
26023,NaN,NaN,2.3,1471.7
26025,NaN,NaN,4.5,1590.5
26027,NaN,NaN,1.9,1428.8
26029,NaN,NaN,3.8,1272.7
26031,NaN,NaN,0,1491.4
26033,NaN,NaN,2.7,1322.1
26035,NaN,NaN,3.3,2097.1
26037,NaN,NaN,1.3,877.3
26039,NaN,NaN,7.2,1784
26041,NaN,NaN,2.8,1469.7
26043,NaN,NaN,7.9,1367.1
26045,NaN,NaN,1.8,1211
26047,NaN,NaN,3,1264
26049,NaN,NaN,1,1715.2
26051,NaN,NaN,3.9,1902.4
26053,NaN,NaN,6.6,1338.1
26055,NaN,NaN,1.1,1109.4
26057,NaN,NaN,2.5,1344.9
26059,NaN,NaN,2.2,1427.4
26061,NaN,NaN,5.5,1148.6
26063,NaN,NaN,9.6,1626.8
26065,NaN,NaN,2,1082.9
26067,NaN,NaN,1.6,1174.3
26069,NaN,NaN,4,2061.3
26071,NaN,NaN,9,1826
26073,NaN,NaN,1.4,960.9
26075,NaN,NaN,1.3,1508.6
26077,NaN,NaN,0.8,1069.6
26079,NaN,NaN,5.6,1671.9
26081,NaN,NaN,1.2,921.2
26083,NaN,NaN,0,0
26085,NaN,NaN,0,2095.8
26087,NaN,NaN,1.1,1380.2
26089,NaN,NaN,0,1033.8
26091,NaN,NaN,2,1377.9
26093,NaN,NaN,1,991.5
26095,NaN,NaN,15.9,0
26097,NaN,NaN,9.3,1752.1
26099,NaN,NaN,0.7,1334.9
26101,NaN,NaN,4.1,1708.3
26103,NaN,NaN,3,1282.4
26105,NaN,NaN,3.4,1305.8
26107,NaN,NaN,2.3,1194.2
26109,NaN,NaN,0,1531.6
26111,NaN,NaN,1.2,1074.4
26113,NaN,NaN,0,1316.7
26115,NaN,NaN,0.7,1409.9
26117,NaN,NaN,6.3,1389.8
26119,NaN,NaN,0,2396.1
26121,NaN,NaN,1.7,1444.2
26123,NaN,NaN,2,1345.8
26125,NaN,NaN,1.4,1042.2
26127,NaN,NaN,3.8,1370.9
26129,NaN,NaN,4.8,2119.1
26131,NaN,NaN,17.3,2070.8
26133,NaN,NaN,4.3,1435.2
26135,NaN,NaN,0,2320
26137,NaN,NaN,4.1,1459.6
26139,NaN,NaN,1,722.6
26141,NaN,NaN,7.9,1617.2
26143,NaN,NaN,0,2353
26145,NaN,NaN,4.2,1516.8
26147,NaN,NaN,1.9,1535.1
26149,NaN,NaN,3.3,1492.4
26151,NaN,NaN,7.3,1549.2
26153,NaN,NaN,24.8,1611.3
26155,NaN,NaN,1.5,1421
26157,NaN,NaN,3.8,1576.7
26159,NaN,NaN,2.7,1465.9
26161,NaN,NaN,1.9,785.5
26163,NaN,NaN,1.5,1669.1
26165,NaN,NaN,3,1440.3
27001,NaN,NaN,6.3,1748.2
27003,NaN,NaN,0.6,884.4
27005,NaN,NaN,2.9,1195.8
27007,NaN,NaN,4.3,1146.3
27009,NaN,NaN,0,932.3
27011,NaN,NaN,40.1,0
27013,NaN,NaN,1.5,823.1
27015,NaN,NaN,11.9,955.8
27017,NaN,NaN,5.6,1197.1
27019,NaN,NaN,1,548.5
27021,NaN,NaN,3.4,1676.9
27023,NaN,NaN,8.4,1098.6
27025,NaN,NaN,1.8,1001.4
27027,NaN,NaN,0,863.1
27029,NaN,NaN,11.4,1464.2
27031,NaN,NaN,18.5,0
27033,NaN,NaN,17.7,1002
27035,NaN,NaN,3.1,1202.1
27037,NaN,NaN,0.7,739.7
27039,NaN,NaN,0,888.5
27041,NaN,NaN,2.6,1103.7
27043,NaN,NaN,7.3,1461
27045,NaN,NaN,0,930.8
27047,NaN,NaN,3.3,1231.8
27049,NaN,NaN,8.6,1043
27051,NaN,NaN,33.2,1345.3
27053,NaN,NaN,1,839
27055,NaN,NaN,0,968.9
27057,NaN,NaN,4.7,1261
27059,NaN,NaN,2.5,1053.4
27061,NaN,NaN,6.7,1365.6
27063,NaN,NaN,10.1,837.5
27065,NaN,NaN,6.2,1203.2
27067,NaN,NaN,2.3,931
27069,NaN,NaN,23.5,0
27071,NaN,NaN,8,1535.4
27073,NaN,NaN,30,1201.6
27075,NaN,NaN,9.4,1520
27077,NaN,NaN,26.6,0
27079,NaN,NaN,3.5,866.8
27081,NaN,NaN,35.3,0
27083,NaN,NaN,7.8,831.1
27085,NaN,NaN,5.6,903.2
27087,NaN,NaN,18.1,2119.9
27089,NaN,NaN,21.3,1054.3
27091,NaN,NaN,5.1,1223.1
27093,NaN,NaN,4.3,1067.4
27095,NaN,NaN,3.8,1358.1
27097,NaN,NaN,3,1100.4
27099,NaN,NaN,2.5,984.7
27101,NaN,NaN,12.1,990.8
27103,NaN,NaN,2.9,666.3
27105,NaN,NaN,4.6,898.6
27107,NaN,NaN,15.4,1668
27109,NaN,NaN,1.9,749.3
27111,NaN,NaN,3.4,1125.6
27113,NaN,NaN,14.1,1079.1
27115,NaN,NaN,10.2,1356.7
27117,NaN,NaN,11.1,1138.5
27119,NaN,NaN,6.3,1198.9
27121,NaN,NaN,9,1009.3
27123,NaN,NaN,1.1,947.6
27125,NaN,NaN,0,0
27127,NaN,NaN,6.6,1147.6
27129,NaN,NaN,13.7,1218.2
27131,NaN,NaN,1.5,835.8
27133,NaN,NaN,10.6,966.6
27135,NaN,NaN,6.6,904.3
27137,NaN,NaN,4,1275.1
27139,NaN,NaN,1.4,599.1
27141,NaN,NaN,1,738.3
27143,NaN,NaN,6.7,944.9
27145,NaN,NaN,3.1,791.8
27147,NaN,NaN,2.7,921.1
27149,NaN,NaN,10.3,697.2
27151,NaN,NaN,21.4,1359
27153,NaN,NaN,8.1,1004.8
27155,NaN,NaN,30.2,0
27157,NaN,NaN,4.6,984.1
27159,NaN,NaN,7.3,1597.3
27161,NaN,NaN,5.4,872.1
27163,NaN,NaN,0.8,746.1
27165,NaN,NaN,9.1,1010.9
27167,NaN,NaN,16,1087.3
27169,NaN,NaN,2,911
27171,NaN,NaN,1.5,736.3
27173,NaN,NaN,20.4,1163.9
28001,NaN,NaN,6.4,2099.9
28003,NaN,NaN,2.7,2033.9
28005,NaN,NaN,0,2028.2
28007,NaN,NaN,5.4,1894.9
28009,NaN,NaN,0,2200.5
28011,NaN,NaN,3.2,2304.3
28013,NaN,NaN,6.9,1835.7
28015,NaN,NaN,0,1725.4
28017,NaN,NaN,5.8,1869.4
28019,NaN,NaN,24.2,2114
28021,NaN,NaN,11.1,2144
28023,NaN,NaN,6.4,2172.5
28025,NaN,NaN,5.2,1743.5
28027,NaN,NaN,4.4,2245
28029,NaN,NaN,7,1839.3
28031,NaN,NaN,5.3,2052.7
28033,NaN,NaN,1.6,1273.6
28035,NaN,NaN,2.7,1740.5
28037,NaN,NaN,12.8,1964.6
28039,NaN,NaN,4.1,1732
28041,NaN,NaN,7.4,1935.8
28043,NaN,NaN,4.7,2408
28045,NaN,NaN,2.1,1700.7
28047,NaN,NaN,3.9,1687.9
28049,NaN,NaN,3.8,1613.8
28051,NaN,NaN,5.7,2065.6
28053,NaN,NaN,12.1,1986.2
28055,NaN,NaN,0,0
28057,NaN,NaN,0,1807.2
28059,NaN,NaN,1.4,1514.5
28061,NaN,NaN,6.1,1789.6
28063,NaN,NaN,14.1,2322
28065,NaN,NaN,8.9,2483.5
28067,NaN,NaN,2.9,1742.6
28069,NaN,NaN,0,1705.4
28071,NaN,NaN,3.7,1002
28073,NaN,NaN,3.2,1058.5
28075,NaN,NaN,9.3,1726
28077,NaN,NaN,8,2127.7
28079,NaN,NaN,4.4,1735.3
28081,NaN,NaN,3.5,1592.7
28083,NaN,NaN,6.9,2171.6
28085,NaN,NaN,2.9,1841.8
28087,NaN,NaN,1.7,1613.8
28089,NaN,NaN,1.9,1185.3
28091,NaN,NaN,4,2148.5
28093,NaN,NaN,2.8,1949.2
28095,NaN,NaN,5.6,1822.1
28097,NaN,NaN,20,2314.7
28099,NaN,NaN,6.9,2242.1
28101,NaN,NaN,9.3,1786.1
28103,NaN,NaN,9.5,1907.9
28105,NaN,NaN,2,1024.2
28107,NaN,NaN,2.9,1922.3
28109,NaN,NaN,3.6,1944.5
28111,NaN,NaN,8.4,1902.6
28113,NaN,NaN,5.1,2113.1
28115,NaN,NaN,3.1,1520.4
28117,NaN,NaN,4,2026.5
28119,NaN,NaN,14.2,2567
28121,NaN,NaN,4.5,1211.2
28123,NaN,NaN,7.1,1856
28125,NaN,NaN,22.8,2627.4
28127,NaN,NaN,7.5,1868.6
28129,NaN,NaN,6.2,1718.5
28131,NaN,NaN,5.3,1773.8
28133,NaN,NaN,11.7,2389.7
28135,NaN,NaN,7.1,1908.9
28137,NaN,NaN,3.5,1703.8
28139,NaN,NaN,4.5,1968.6
28141,NaN,NaN,5.1,2205.2
28143,NaN,NaN,0,2162.1
28145,NaN,NaN,3.5,1527.7
28147,NaN,NaN,6.9,1866.6
28149,NaN,NaN,4.3,2005.4
28151,NaN,NaN,6.7,2312.3
28153,NaN,NaN,4.9,1704.6
28155,NaN,NaN,10.2,1951.4
28157,NaN,NaN,22.7,2320.3
28159,NaN,NaN,11,1932.3
28161,NaN,NaN,8.1,2170.8
28163,NaN,NaN,3.5,1823.1
29001,NaN,31.6323,3.9,1223.4
29003,NaN,28.739,0,1164.3
29005,NaN,17.085,19.3,1605.1
29007,NaN,39.2046,3.9,1527.1
29009,NaN,35.2684,5.6,1786.2
29011,NaN,30.0069,8.5,1542.6
29013,NaN,33.1594,6.1,1599.3
29015,NaN,49.4076,0,2137.2
29017,NaN,44.8193,0,1840.7
29019,NaN,32.4053,3.9,834.4
29021,NaN,39.4007,3.4,1532.1
29023,NaN,56.9697,11.7,2009.9
29025,NaN,32.1312,0,1646.9
29027,NaN,32.3389,4.5,1367.8
29029,NaN,48.1498,4.4,1639.2
29031,NaN,41.7,3.8,1292.6
29033,NaN,27.1642,11.4,1681.3
29035,NaN,48.846,0,2395.1
29037,NaN,33.7042,1.9,1213.9
29039,NaN,32.3038,14.1,1807.3
29041,NaN,27.1324,0,1449.5
29043,NaN,38.1926,0,1016.3
29045,NaN,18.434,0,1505.4
29047,NaN,68.5699,2.8,1010.7
29049,NaN,34.7863,4.9,1436.2
29051,NaN,32.6736,2.6,1149.8
29053,NaN,38.3318,5.7,1431.6
29055,NaN,48.5688,4.2,1903.4
29057,NaN,28.6522,0,1823.2
29059,NaN,39.8036,0,1754
29061,NaN,26.9529,0,1227
29063,NaN,25.0308,0,1520.2
29065,NaN,33.2327,6.5,1806.9
29067,NaN,39.5774,0,1914.3
29069,NaN,48.2872,3.4,2277.1
29071,NaN,44.4356,1,1412.2
29073,NaN,37.6467,6.8,1570.9
29075,NaN,19.0443,15.1,1569.1
29077,NaN,44.4466,3.1,1357.2
29079,NaN,33.6784,10.1,1492.8
29081,NaN,23.7806,11.9,1473.7
29083,NaN,43.6521,9.2,1876.8
29085,NaN,30.7352,0,2145.3
29087,NaN,21.406,0,0
29089,NaN,26.4041,0,1371.2
29091,NaN,49.6336,5,1699.3
29093,NaN,47.1868,9.8,2220.7
29095,NaN,48.626,2.6,1365.8
29097,NaN,41.4772,1.7,1546.8
29099,NaN,46.9942,0.4,1513.3
29101,NaN,41.1511,1.9,989.7
29103,NaN,21.8322,0,0
29105,NaN,53.5409,2.8,1862.1
29107,NaN,35.0007,3.1,1546.1
29109,NaN,37.8841,5.2,1611.1
29111,NaN,16.399,0,1623.5
29113,NaN,47.9678,1.7,1360.8
29115,NaN,41.9356,8.3,1885.9
29117,NaN,24.931,6.6,1360.1
29119,NaN,33.15215,0,1707.3
29121,NaN,32.0905,6.6,1550.8
29123,NaN,50.0015,8.2,2034.8
29125,NaN,35.8643,0,1642.1
29127,NaN,28.7317,3.5,1441
29129,NaN,19.8254,0,0
29131,NaN,46.4139,0,1519.6
29133,NaN,44.9131,0,2227.1
29135,NaN,29.8386,0,1042.1
29137,NaN,40.7341,0,1488.9
29139,NaN,35.5004,0,2072.1
29141,NaN,44.7664,0,2058.2
29143,NaN,39.2264,0,2341.6
29145,NaN,40.0427,8.6,1591
29147,NaN,30.64367,4.5,896.7
29149,NaN,42.0945,0,1944.8
29151,NaN,20.1785,0,1137.5
29153,NaN,40.5565,0,1940.8
29155,NaN,57.5678,6.1,2507.4
29157,NaN,51.8828,5.2,1383.8
29159,NaN,46.427,2.4,1499.7
29161,NaN,36.7519,2.2,1450.9
29163,NaN,41.0722,5.4,1529.4
29165,NaN,33.0562,1,910.8
29167,NaN,32.0736,3.1,1403.7
29169,NaN,48.997,1.9,1078.6
29171,NaN,14.4006,21,1913
29173,NaN,27.9165,0,1322
29175,NaN,44.2187,4,1696.1
29177,NaN,46.4332,4.4,1695.6
29179,NaN,34.5948,16,1966.7
29181,NaN,56.4722,7.5,2380.4
29183,NaN,36.1092,2.3,959
29185,NaN,37.954,10.6,1777.5
29186,NaN,34.6467,5.6,1380.8
29187,NaN,51.7388,6,1761.8
29189,NaN,48.6317,2.2,1259.6
29195,NaN,28.9737,8.7,1441.4
29197,NaN,23.9776,0,1348.1
29199,NaN,14.8939,20.1,1208.2
29201,NaN,45.15,2.6,1833.2
29203,NaN,52.1237,0,1856.1
29205,NaN,26.8213,0,1520.7
29207,NaN,41.9566,3.4,1869.5
29209,NaN,68.1156,0,1870.9
29211,NaN,28.7425,16.1,1478.9
29213,NaN,106.0942,1.8,1564.8
29215,NaN,36.407,3.9,1665.9
29217,NaN,30.0191,9.7,1778.1
29219,NaN,43.6003,0,1302.2
29221,NaN,50.4676,4,1984.5
29223,NaN,45.9992,0,2248.1
29225,NaN,36.9747,0,1273.4
29227,NaN,19.502,0,0
29229,NaN,41.9709,0,1997
29510,NaN,65.888,4.6,1884.8
30001,NaN,NaN,10.6,999.6
30003,NaN,NaN,15,2084.3
30005,NaN,NaN,14.7,1439.7
30007,NaN,NaN,16.4,0
30009,NaN,NaN,9.3,1381.4
30011,NaN,NaN,80.8,0
30013,NaN,NaN,3.7,1378
30015,NaN,NaN,34.8,1462.1
30017,NaN,NaN,8.6,1311.9
30019,NaN,NaN,57.2,0
30021,NaN,NaN,11.5,1198.2
30023,NaN,NaN,21.9,1905.6
30025,NaN,NaN,34.2,0
30027,NaN,NaN,9,1556.7
30029,NaN,NaN,2.9,1114.5
30031,NaN,NaN,1.8,584.6
30033,NaN,NaN,78.9,0
30035,NaN,NaN,14.5,2058.6
30037,NaN,NaN,0,0
30039,NaN,NaN,29.6,0
30041,NaN,NaN,6.1,1333.6
30043,NaN,NaN,0,1248.2
30045,NaN,NaN,0,0
30047,NaN,NaN,6.6,1408.3
30049,NaN,NaN,4.4,1208.2
30051,NaN,NaN,41.2,0
30053,NaN,NaN,5.1,1788.4
30055,NaN,NaN,59.7,0
30057,NaN,NaN,22.8,1072.1
30059,NaN,NaN,53.6,0
30061,NaN,NaN,23.2,0
30063,NaN,NaN,1.7,1025.3
30065,NaN,NaN,21.5,0
30067,NaN,NaN,12,1129.3
30069,NaN,NaN,0,0
30071,NaN,NaN,24.5,0
30073,NaN,NaN,16.7,1473.5
30075,NaN,NaN,0,0
30077,NaN,NaN,14.4,1535.6
30079,NaN,NaN,92,0
30081,NaN,NaN,2.3,1269.3
30083,NaN,NaN,9.2,1319.5
30085,NaN,NaN,27.1,2260.6
30087,NaN,NaN,11,1820.6
30089,NaN,NaN,8.4,1815.3
30091,NaN,NaN,29.2,0
30093,NaN,NaN,5.7,1563.2
30095,NaN,NaN,10.5,1090.8
30097,NaN,NaN,27,0
30099,NaN,NaN,16.2,1265.8
30101,NaN,NaN,20.6,1689.7
30103,NaN,NaN,0,0
30105,NaN,NaN,13.4,1264
30107,NaN,NaN,44.7,0
30109,NaN,NaN,0,0
30111,NaN,NaN,2.5,1227.1
31001,NaN,24.1994,3.2,1323.3
31003,NaN,7.113,31.6,1104.8
31005,NaN,0,0,0
31007,NaN,0,0,0
31009,NaN,1.16,0,0
31011,NaN,7.795,19.1,0
31013,NaN,19.3984,9.3,1308.9
31015,NaN,3.9,51.2,0
31017,NaN,3.733,33.6,0
31019,NaN,25.3028,6,820.3
31021,NaN,20.106,15.4,1464.2
31023,NaN,22.8063,12.4,1241
31025,NaN,24.2448,0,1139.2
31027,NaN,9.4132,0,1065.6
31029,NaN,5.054,25.1,0
31031,NaN,8.003,17.4,0
31033,NaN,24.6348,21.5,1256.7
31035,NaN,15.004,0,1126.5
31037,NaN,13.6557,9.2,744.4
31039,NaN,12.504,11.2,906
31041,NaN,15.1378,18.5,1180.8
31043,NaN,18.0575,0,1040.7
31045,NaN,11.7022,11.5,1101.4
31047,NaN,18.9462,12.7,982.7
31049,NaN,8.247,0,0
31051,NaN,8.642,0,0
31053,NaN,23.0896,2.7,1288.4
31055,NaN,34.216,3.2,1009.6
31057,NaN,1.623,56.5,0
31059,NaN,13.501,18.1,0
31061,NaN,11.861,33.1,0
31063,NaN,8.06,0,0
31065,NaN,13.546,21.2,0
31067,NaN,23.2429,4.7,1381.8
31069,NaN,10.879,52.7,0
31071,NaN,4.962,0,0
31073,NaN,6.488,0,0
31075,NaN,0,0,0
31077,NaN,8.426,0,0
31079,NaN,33.7,4.9,1137.9
31081,NaN,18.9367,10.8,1045.3
31083,NaN,6.182,29.4,0
31085,NaN,1.306,0,0
31087,NaN,5.688,0,0
31089,NaN,10.845,19.7,1129.9
31091,NaN,0.959,0,0
31093,NaN,18.516,15.5,0
31095,NaN,15.665,14.1,1197.7
31097,NaN,18.742,19.5,1285.5
31099,NaN,16.378,15.3,1191.9
31101,NaN,17.5012,12.5,1670.6
31103,NaN,0,0,0
31105,NaN,15.749,27.6,0
31107,NaN,12.3975,11.9,1211.5
31109,NaN,27.2104,2.5,879.7
31111,NaN,22.6117,2.8,1230.6
31113,NaN,2.962,0,0
31115,NaN,1.73,0,0
31117,NaN,0.903,0,0
31119,NaN,21.2728,8.5,1127.4
31121,NaN,17.8156,12.9,1163.8
31123,NaN,17.274,21.3,0
31125,NaN,7.792,28.3,0
31127,NaN,20.794,14.4,1336.6
31129,NaN,9.649,23.8,0
31131,NaN,41.843,18.8,1063.5
31133,NaN,8.461,38,0
31135,NaN,2.197,34.1,0
31137,NaN,13.464,11.1,1089.4
31139,NaN,11.0925,28,1344.2
31141,NaN,23.4343,3,926.2
31143,NaN,10.957,18.9,0
31145,NaN,15.743,9.3,1277.3
31147,NaN,17.1354,12.6,1600.1
31149,NaN,2.299,73.5,0
31151,NaN,17.1165,13.9,1191.6
31153,NaN,25.1752,2.2,720.5
31155,NaN,23.4833,4.7,1220.5
31157,NaN,26.067,2.8,1356
31159,NaN,20.647,5.8,1195.3
31161,NaN,6.474,19.3,1599.2
31163,NaN,11.238,0,0
31165,NaN,0,0,0
31167,NaN,7.899,0,0
31169,NaN,10.624,19.8,1567.8
31171,NaN,4.252,0,0
31173,NaN,19.785,27.4,1862.2
31175,NaN,11.438,23.9,0
31177,NaN,20.0331,4.8,943.5
31179,NaN,12.3562,10.6,744.4
31181,NaN,12.811,28.3,0
31183,NaN,9.094,0,0
31185,NaN,22.3969,14.5,1285.2
32001,NaN,36.4398,4.1,1706.2
32003,NaN,84.238,2.1,1191.1
32005,NaN,39.5365,4.1,1295.7
32007,NaN,34.0697,3.8,1042.7
32009,NaN,19.575,0,0
32011,NaN,15.9911,0,0
32013,NaN,33.0814,6,1447.6
32015,NaN,28.0259,17.9,1417
32017,NaN,20.1171,19.2,1345.9
32019,NaN,53.983,5.4,1711.2
32021,NaN,35.1252,22.2,2303.9
32023,NaN,50.1138,4.4,2617.7
32027,NaN,21.137,15,1395.1
32029,NaN,13.2464,0,0
32031,NaN,50.015,3,1269
32033,NaN,26.7849,10.6,1361.5
32510,NaN,53.706,5.4,1959.8
33001,NaN,NaN,3.3,1447
33003,NaN,NaN,4.1,1396.1
33005,NaN,NaN,1.3,1211.9
33007,NaN,NaN,9.5,1753.8
33009,NaN,NaN,5.6,1130.5
33011,NaN,NaN,2.6,1093.8
33013,NaN,NaN,2.6,1169.8
33015,NaN,NaN,1.9,1043.4
33017,NaN,NaN,2.3,1151.5
33019,NaN,NaN,2.3,1376.8
34001,NaN,NaN,3.4,1488.5
34003,NaN,NaN,1.1,746.5
34005,NaN,NaN,2,1159.7
34007,NaN,NaN,2.2,1349.5
34009,NaN,NaN,1.1,1726.4
34011,NaN,NaN,2.6,1571.2
34013,NaN,NaN,1.6,1115.7
34015,NaN,NaN,1,1255.3
34017,NaN,NaN,1.2,817.7
34019,NaN,NaN,0.8,809.1
34021,NaN,NaN,3.2,1019.7
34023,NaN,NaN,1.6,869
34025,NaN,NaN,1.3,1029.4
34027,NaN,NaN,2,783.2
34029,NaN,NaN,1.5,1256.7
34031,NaN,NaN,1.2,953.1
34033,NaN,NaN,3.2,1664.4
34035,NaN,NaN,1.5,766.1
34037,NaN,NaN,1.4,1235.8
34039,NaN,NaN,1.8,880.2
34041,NaN,NaN,2.8,1176
35001,NaN,NaN,2.5,1238.1
35003,NaN,NaN,0,0
35005,NaN,NaN,4.6,1562.9
35006,NaN,NaN,11.2,1607.7
35007,NaN,NaN,8.3,1610.2
35009,NaN,NaN,2,1300.6
35011,NaN,NaN,0,0
35013,NaN,NaN,2.8,1005.4
35015,NaN,NaN,3.5,1532
35017,NaN,NaN,3.7,1612.7
35019,NaN,NaN,23,1566.5
35021,NaN,NaN,0,0
35023,NaN,NaN,0,1603.8
35025,NaN,NaN,2.9,1280
35027,NaN,NaN,5.1,1825.5
35028,NaN,NaN,5.2,712
35029,NaN,NaN,4.2,1740.2
35031,NaN,NaN,5.5,1792.8
35033,NaN,NaN,0,0
35035,NaN,NaN,3,1430
35037,NaN,NaN,12.1,2326.4
35039,NaN,NaN,2.6,1894.6
35041,NaN,NaN,5.3,1168.4
35043,NaN,NaN,1.4,1175.1
35045,NaN,NaN,2.4,1415.5
35047,NaN,NaN,7.2,1743.3
35049,NaN,NaN,2,1168.2
35051,NaN,NaN,9.1,3163.7
35053,NaN,NaN,6,1631.3
35055,NaN,NaN,3,1507.5
35057,NaN,NaN,0,1783.1
35059,NaN,NaN,24.3,0
35061,NaN,NaN,0,1449.2
36001,NaN,35.8261,2.3,1076.8
36003,NaN,42.9699,4.3,1352.6
36005,NaN,88.9514,1,1048.5
36007,NaN,49.6766,2.1,1265.8
36009,NaN,55.897,1.3,1448.5
36011,NaN,45.9724,1.3,1269
36013,NaN,52.7853,3.9,1488.2
36015,NaN,35.6848,3.6,1512.1
36017,NaN,43.0885,2.1,1516.7
36019,NaN,49.31,1.2,1181
36021,NaN,30.8646,1.7,1405.3
36023,NaN,45.5794,2.1,1248.4
36025,NaN,37.6485,9,1520.4
36027,NaN,38.8941,1.4,1077.9
36029,NaN,52.8374,1.7,1279.5
36031,NaN,22.3649,8,1332.4
36033,NaN,30.5691,6,1260.6
36035,NaN,45.3418,1.9,1448
36037,NaN,45.2679,5.2,1371.9
36039,NaN,46.3065,0,1450.8
36041,NaN,22.5901,0,0
36043,NaN,52.395,1.6,1287.3
36045,NaN,28.072,2.7,1058.6
36047,NaN,62.6148,0.7,848.6
36049,NaN,26.579,3.8,1115.4
36051,NaN,44.8802,1.6,1132.4
36053,NaN,44.6477,2.8,1049.5
36055,NaN,48.7189,1.1,1063.7
36057,NaN,58.039,4,1387.1
36059,NaN,43.3033,1,799.3
36061,NaN,42.5843,1.7,724.7
36063,NaN,62.398,2.4,1460.3
36065,NaN,48.8773,3,1337.2
36067,NaN,47.7189,1.5,1116.5
36069,NaN,20.5921,3.6,1203.3
36071,NaN,43.6576,1.8,967.9
36073,NaN,50.1187,2.5,1403.5
36075,NaN,57.227,1.7,1367.3
36077,NaN,26.9904,3.3,1246.9
36079,NaN,35.8939,1,928.3
36081,NaN,60.1343,0.6,784
36083,NaN,38.0551,1.9,1189.1
36085,NaN,51.8121,1.3,1029
36087,NaN,39.7485,1.2,743
36089,NaN,44.9715,4.6,1270.7
36091,NaN,35.9657,0.9,1010.2
36093,NaN,47.2718,2.6,1176.1
36095,NaN,27.9982,3.2,1276.7
36097,NaN,25.86,5.6,1496.2
36099,NaN,42.7589,0,1376.1
36101,NaN,23.414,6.3,1359.1
36103,NaN,47.0823,0.9,995.2
36105,NaN,46.3549,2.6,1468.9
36107,NaN,28.8193,0,1163.5
36109,NaN,30.121,1,842.5
36111,NaN,44.6898,1.7,1231.2
36113,NaN,53.577,1.6,1333.5
36115,NaN,44.2754,0,1341.6
36117,NaN,46.5067,1.1,1355.7
36119,NaN,43.6274,1.9,755.1
36121,NaN,53.2,2.5,1247.3
36123,NaN,20.2649,4,1227.8
37001,NaN,NaN,0.6,1380.7
37003,NaN,NaN,2.7,1619.7
37005,NaN,NaN,9,1693.4
37007,NaN,NaN,4,2054.1
37009,NaN,NaN,3.7,1490.3
37011,NaN,NaN,5.7,1616.7
37013,NaN,NaN,4.2,1960.5
37015,NaN,NaN,5.3,1997.3
37017,NaN,NaN,3,2012.7
37019,NaN,NaN,2.2,1616.2
37021,NaN,NaN,1.5,1318.4
37023,NaN,NaN,2.2,1716
37025,NaN,NaN,0.9,1060.4
37027,NaN,NaN,1.2,1759.1
37029,NaN,NaN,0,1204.5
37031,NaN,NaN,1.4,1721.7
37033,NaN,NaN,0,1987
37035,NaN,NaN,1.3,1533.5
37037,NaN,NaN,1.4,1085.6
37039,NaN,NaN,3.5,1916.6
37041,NaN,NaN,7.1,1753.5
37043,NaN,NaN,0,1786.5
37045,NaN,NaN,4.1,1855.7
37047,NaN,NaN,1.8,2053.7
37049,NaN,NaN,1.9,1577.1
37051,NaN,NaN,1.2,1330
37053,NaN,NaN,0,1329.8
37055,NaN,NaN,2.7,1556.1
37057,NaN,NaN,1.2,1607.9
37059,NaN,NaN,4.7,1462.6
37061,NaN,NaN,1.7,1338.9
37063,NaN,NaN,1.9,935.8
37065,NaN,NaN,1.9,2111.3
37067,NaN,NaN,1.8,1248.8
37069,NaN,NaN,1.5,1421
37071,NaN,NaN,0.9,1628.5
37073,NaN,NaN,0,1866.4
37075,NaN,NaN,0,1779.8
37077,NaN,NaN,1.7,1453.9
37079,NaN,NaN,0,1475.3
37081,NaN,NaN,1.3,1182
37083,NaN,NaN,4,2078.1
37085,NaN,NaN,1.5,1220.4
37087,NaN,NaN,1.6,1736.3
37089,NaN,NaN,1.7,1319.1
37091,NaN,NaN,4.2,1661.1
37093,NaN,NaN,3.7,1174.1
37095,NaN,NaN,0,1950.3
37097,NaN,NaN,1.7,1259.8
37099,NaN,NaN,2.3,1371
37101,NaN,NaN,0.5,1173.8
37103,NaN,NaN,0,1878.2
37105,NaN,NaN,1.6,1557.3
37107,NaN,NaN,1.8,1925.8
37109,NaN,NaN,1.2,1463.5
37111,NaN,NaN,2.2,1714
37113,NaN,NaN,5.7,1612.6
37115,NaN,NaN,0,1672.6
37117,NaN,NaN,4.4,2055.5
37119,NaN,NaN,1.3,863.5
37121,NaN,NaN,6.7,1893.3
37123,NaN,NaN,3.7,1554.8
37125,NaN,NaN,1,1229.2
37127,NaN,NaN,2.1,1778.4
37129,NaN,NaN,0.9,1173.6
37131,NaN,NaN,0,1900.8
37133,NaN,NaN,1.5,1038
37135,NaN,NaN,0.7,744.4
37137,NaN,NaN,0,1689
37139,NaN,NaN,2.5,1624.7
37141,NaN,NaN,1.6,1504.1
37143,NaN,NaN,0,1698.7
37145,NaN,NaN,2.5,1701
37147,NaN,NaN,0.6,1116.1
37149,NaN,NaN,4.9,1518.6
37151,NaN,NaN,0.7,1653.3
37153,NaN,NaN,4.5,2009.5
37155,NaN,NaN,0.8,1964.6
37157,NaN,NaN,2.2,1869
37159,NaN,NaN,1.4,1733
37161,NaN,NaN,1.5,1831.6
37163,NaN,NaN,1.6,1666
37165,NaN,NaN,2.9,2074.1
37167,NaN,NaN,1.6,1602.9
37169,NaN,NaN,2.2,1887.1
37171,NaN,NaN,2.8,1840.2
37173,NaN,NaN,21.1,2246.4
37175,NaN,NaN,2.9,1426.3
37177,NaN,NaN,0,1476.6
37179,NaN,NaN,0.4,923.2
37181,NaN,NaN,2.2,2016.5
37183,NaN,NaN,0.7,713.8
37185,NaN,NaN,0,1888.2
37187,NaN,NaN,8.4,1787.7
37189,NaN,NaN,1.8,741.8
37191,NaN,NaN,0.8,1583.8
37193,NaN,NaN,1.5,1732.9
37195,NaN,NaN,1.2,1670.9
37197,NaN,NaN,2.7,1528.9
37199,NaN,NaN,0,1586.3
38001,NaN,NaN,43.6,0
38003,NaN,NaN,9.5,1233.2
38005,NaN,NaN,0,1766.7
38007,NaN,NaN,0,0
38009,NaN,NaN,15.6,1606.6
38011,NaN,NaN,32.5,0
38013,NaN,NaN,0,0
38015,NaN,NaN,2.1,926.8
38017,NaN,NaN,5,790
38019,NaN,NaN,26.1,0
38021,NaN,NaN,20.4,0
38023,NaN,NaN,43.8,0
38025,NaN,NaN,0,1269.6
38027,NaN,NaN,0,0
38029,NaN,NaN,30.3,0
38031,NaN,NaN,31.1,0
38033,NaN,NaN,0,0
38035,NaN,NaN,7.1,926.9
38037,NaN,NaN,42.1,0
38039,NaN,NaN,44.8,0
38041,NaN,NaN,0,0
38043,NaN,NaN,0,0
38045,NaN,NaN,0,0
38047,NaN,NaN,0,0
38049,NaN,NaN,0,1203.6
38051,NaN,NaN,77.4,0
38053,NaN,NaN,7.3,836.3
38055,NaN,NaN,21,1435.9
38057,NaN,NaN,12.1,1209.6
38059,NaN,NaN,3.2,1157.7
38061,NaN,NaN,9.8,1468
38063,NaN,NaN,34.9,0
38065,NaN,NaN,0,0
38067,NaN,NaN,14.4,1353.1
38069,NaN,NaN,24.5,0
38071,NaN,NaN,8.7,1132.3
38073,NaN,NaN,19.1,1355.7
38075,NaN,NaN,0,0
38077,NaN,NaN,0,1059.2
38079,NaN,NaN,14,1818.1
38081,NaN,NaN,0,0
38083,NaN,NaN,0,0
38085,NaN,NaN,22.9,2386.4
38087,NaN,NaN,0,0
38089,NaN,NaN,6.5,748.5
38091,NaN,NaN,0,0
38093,NaN,NaN,9.6,1262.1
38095,NaN,NaN,45.6,0
38097,NaN,NaN,24.9,1082.5
38099,NaN,NaN,18.7,1490.6
38101,NaN,NaN,4.4,819.3
38103,NaN,NaN,25.3,0
38105,NaN,NaN,5.7,916.5
39001,NaN,55.0183,3.6,2023.5
39003,NaN,74.571,4.9,1458.2
39005,NaN,42.7225,1.9,1347.1
39007,NaN,50.6872,5.1,1788.8
39009,NaN,41.671,4.6,1083.3
39011,NaN,53.8599,2.2,1130.9
39013,NaN,51.109,5.9,1663.6
39015,NaN,48.3375,2.3,1963.2
39017,NaN,45.6059,2.4,1352.6
39019,NaN,58.5955,0,1576.8
39021,NaN,53.724,2.6,1566.3
39023,NaN,68.2492,3,1968.3
39025,NaN,42.6646,0.5,1365.2
39027,NaN,63.5736,2.4,1657.3
39029,NaN,56.609,1.9,1697.8
39031,NaN,60.7755,2.7,1526.1
39033,NaN,72.9524,4.8,1836.3
39035,NaN,73.3398,2.3,1504.4
39037,NaN,53.2748,1.9,1502.3
39039,NaN,61.4285,7.9,1362.5
39041,NaN,40.587,1.5,694.2
39043,NaN,83.88,2.7,1677.9
39045,NaN,51.9203,1.3,1148.4
39047,NaN,52.7081,3.5,1915.2
39049,NaN,63.0887,2.1,1178.6
39051,NaN,62.6305,2.4,1315.2
39053,NaN,51.5385,3.3,2098.1
39055,NaN,37.143,2.1,982.7
39057,NaN,51.6985,1.8,1116.7
39059,NaN,50.7973,5.1,1793.9
39061,NaN,49.1585,2.8,1389
39063,NaN,61.2694,1.3,1305.1
39065,NaN,61.2204,3.2,1493
39067,NaN,47.6987,6.6,1845.3
39069,NaN,62.373,3.7,1214.6
39071,NaN,58.4469,4.6,1674.5
39073,NaN,48.1479,3.5,1761.5
39075,NaN,17.8589,2.3,938.7
39077,NaN,72.244,3.4,1454.6
39079,NaN,60.3,3.1,2152.3
39081,NaN,58.036,6.1,1921.9
39083,NaN,40.3243,1.6,1355.6
39085,NaN,59.4536,1.3,1345.3
39087,NaN,43.849,1.7,2189.9
39089,NaN,41.9361,2.3,1293.2
39091,NaN,65.7979,4.4,1660.1
39093,NaN,59.607,2.6,1392.4
39095,NaN,80.668,3.3,1610.4
39097,NaN,43.2018,2.3,1411.7
39099,NaN,76.991,4.4,1612.1
39101,NaN,53.4248,1.5,1727
39103,NaN,43.7765,1.7,1060.6
39105,NaN,51.866,0,2189.9
39107,NaN,40.931,2.4,1108.4
39109,NaN,52.5904,1.9,1382
39111,NaN,54.8741,0,1609.9
39113,NaN,69.887,3.2,1743.5
39115,NaN,53.3895,0,1739.2
39117,NaN,47.0233,2.8,1398.4
39119,NaN,54.552,1.2,1605.9
39121,NaN,57.4158,0,1302.8
39123,NaN,54.17,2.5,1552.7
39125,NaN,48.4602,5.3,1503.2
39127,NaN,55.4077,0,1498.6
39129,NaN,41.9808,1.7,1592.5
39131,NaN,52.536,3.6,2233.9
39133,NaN,50.4012,0.6,1268.1
39135,NaN,40.6671,0,1673.3
39137,NaN,45.9664,0,1039.1
39139,NaN,64.0848,3.3,1727.5
39141,NaN,48.6879,2.6,1752.2
39143,NaN,68.104,5.1,1532.3
39145,NaN,52.593,2.6,2141.7
39147,NaN,66.4082,7.2,1369.4
39149,NaN,62.9218,2.1,1375.8
39151,NaN,65.273,2.2,1539.9
39153,NaN,63.398,2.6,1455
39155,NaN,75.751,3,1790.8
39157,NaN,51.884,3.3,1385.4
39159,NaN,47.2529,1.7,904.3
39161,NaN,65.5392,7.1,1453.3
39163,NaN,48.4504,0,1887.5
39165,NaN,42.1622,1.7,971.7
39167,NaN,52.579,3.3,1622.5
39169,NaN,36.6936,1.7,1294.3
39171,NaN,55.6672,5.4,1467.2
39173,NaN,52.4097,0.8,1078.1
39175,NaN,57.773,4.6,1249.1
40001,NaN,NaN,4.5,1992.6
40003,NaN,NaN,0,1303.4
40005,NaN,NaN,7.2,2045.1
40007,NaN,NaN,18.8,1222
40009,NaN,NaN,9.2,1879.4
40011,NaN,NaN,21.1,2129.7
40013,NaN,NaN,2.1,1731.2
40015,NaN,NaN,6.9,2036.1
40017,NaN,NaN,1.4,1066.8
40019,NaN,NaN,4.2,1803.8
40021,NaN,NaN,4.1,1694.9
40023,NaN,NaN,13.6,2270.2
40025,NaN,NaN,46.4,0
40027,NaN,NaN,2.1,1078.9
40029,NaN,NaN,18.1,2373.2
40031,NaN,NaN,4.2,1379.3
40033,NaN,NaN,0,2181.4
40035,NaN,NaN,7,2097
40037,NaN,NaN,4.2,1840.7
40039,NaN,NaN,6.9,1470.6
40041,NaN,NaN,2.3,1886.1
40043,NaN,NaN,20.4,1696
40045,NaN,NaN,25.3,2100.2
40047,NaN,NaN,4.9,1518.6
40049,NaN,NaN,7.2,2002.8
40051,NaN,NaN,1.8,1497.7
40053,NaN,NaN,0,2126.7
40055,NaN,NaN,17.2,1528.9
40057,NaN,NaN,37.5,2027
40059,NaN,NaN,26.3,0
40061,NaN,NaN,7.9,2044.5
40063,NaN,NaN,7.5,2249.7
40065,NaN,NaN,4,1519.1
40067,NaN,NaN,16.3,2351.8
40069,NaN,NaN,9.1,2109.8
40071,NaN,NaN,4.5,1884
40073,NaN,NaN,6.3,1397.3
40075,NaN,NaN,11.5,2176.7
40077,NaN,NaN,19.5,2209
40079,NaN,NaN,2,2108.8
40081,NaN,NaN,5.7,1870
40083,NaN,NaN,2.1,1209.5
40085,NaN,NaN,9.9,1944
40087,NaN,NaN,2.5,1475.6
40089,NaN,NaN,3.1,2125.2
40091,NaN,NaN,5,2397.2
40093,NaN,NaN,13.1,1713.8
40095,NaN,NaN,6,1761.3
40097,NaN,NaN,2.4,1880.5
40099,NaN,NaN,7.2,1942.2
40101,NaN,NaN,5.9,2145.9
40103,NaN,NaN,8.9,1665.3
40105,NaN,NaN,9.8,2025.8
40107,NaN,NaN,8.3,2322.7
40109,NaN,NaN,4,1387.2
40111,NaN,NaN,10.4,2178.2
40113,NaN,NaN,4.3,1563.4
40115,NaN,NaN,6.4,2065.8
40117,NaN,NaN,6.1,1842.6
40119,NaN,NaN,2.4,1032.4
40121,NaN,NaN,4.6,2105.9
40123,NaN,NaN,7.8,1702.1
40125,NaN,NaN,2.8,1845.1
40127,NaN,NaN,8.9,2111.1
40129,NaN,NaN,27.4,0
40131,NaN,NaN,2.2,1379.6
40133,NaN,NaN,4.1,2319.1
40135,NaN,NaN,2.4,2127.3
40137,NaN,NaN,2.3,1775.1
40139,NaN,NaN,4.9,1290.6
40141,NaN,NaN,13.6,1918.9
40143,NaN,NaN,3.7,1360.8
40145,NaN,NaN,1.2,1267
40147,NaN,NaN,1.9,1516.1
40149,NaN,NaN,9,1878.3
40151,NaN,NaN,11.2,1416.2
40153,NaN,NaN,9.9,1493.4
41001,NaN,NaN,6.2,1518.2
41003,NaN,NaN,1.1,677.5
41005,NaN,NaN,1,980.6
41007,NaN,NaN,5,1448.5
41009,NaN,NaN,0,1298.3
41011,NaN,NaN,4.7,1879.2
41013,NaN,NaN,8.4,1458.1
41015,NaN,NaN,8.8,1924.3
41017,NaN,NaN,1,913
41019,NaN,NaN,2.7,1797.2
41021,NaN,NaN,0,0
41023,NaN,NaN,13.9,1644.4
41025,NaN,NaN,13.6,1487.2
41027,NaN,NaN,4.3,828.1
41029,NaN,NaN,1.4,1317.6
41031,NaN,NaN,4.1,1297.9
41033,NaN,NaN,1.1,1825.1
41035,NaN,NaN,1.5,1645.2
41037,NaN,NaN,12.7,1802.3
41039,NaN,NaN,1.6,1213.3
41041,NaN,NaN,4,1751.4
41043,NaN,NaN,1.6,1343.7
41045,NaN,NaN,3.3,1262.8
41047,NaN,NaN,1.2,1069
41049,NaN,NaN,8.8,976.1
41051,NaN,NaN,1.5,1030.6
41053,NaN,NaN,1.2,1012.5
41055,NaN,NaN,0,0
41057,NaN,NaN,3.7,1594.1
41059,NaN,NaN,2.6,1223
41061,NaN,NaN,3.8,1356.7
41063,NaN,NaN,14.1,0
41065,NaN,NaN,3.8,1479
41067,NaN,NaN,0.8,695.7
41069,NaN,NaN,0,0
41071,NaN,NaN,1.9,1109.3
42001,NaN,22.314,1,1176.9
42003,NaN,21.89,2.6,1370.7
42005,NaN,37.471,1.5,1700.8
42007,NaN,31.437,1.2,1634.1
42009,NaN,41.531,2.1,1426
42011,NaN,28.078,1.4,1114.4
42013,NaN,34.093,4.1,1536.4
42015,NaN,21.3845,4.9,1408.8
42017,NaN,17.9835,1.6,1108.9
42019,NaN,23.645,1.6,1230
42021,NaN,34.637,3,1765.7
42023,NaN,77.084,0,0
42025,NaN,30.307,3.1,1636.4
42027,NaN,15.22,1.8,634.5
42029,NaN,13.7864,1.9,858.2
42031,NaN,35.248,5.2,1302.3
42033,NaN,39.292,2.5,1419.6
42035,NaN,27.739,5.2,1266.7
42037,NaN,29.566,3.1,1349
42039,NaN,30.728,2.4,1516.5
42041,NaN,18.9531,2,1085.4
42043,NaN,24.129,2.9,1276.8
42045,NaN,19.9893,1.4,1209.6
42047,NaN,68.154,3.3,1468.4
42049,NaN,29.688,3.3,1417.3
42051,NaN,36.915,1.5,1875.2
42053,NaN,33.171,0,1415
42055,NaN,25.3142,1.9,1219.4
42057,NaN,63.4354,6.9,1404.7
42059,NaN,26.0343,2.7,1753.1
42061,NaN,50.882,2.2,1317.3
42063,NaN,29.787,1.2,1334.9
42065,NaN,39.164,4.6,1478
42067,NaN,34.531,0,1218.4
42069,NaN,25.8,2.8,1557
42071,NaN,23.564,1.1,1004.3
42073,NaN,29.502,2.3,1669.7
42075,NaN,24.502,2.1,1214.3
42077,NaN,27.198,2.7,1068.7
42079,NaN,30.322,2.5,1595.2
42081,NaN,29.744,3.5,1346.1
42083,NaN,31.98,4.9,1593.9
42085,NaN,33.1,4.5,1575.7
42087,NaN,40.392,2.2,1414.9
42089,NaN,22.651,1.2,1291.4
42091,NaN,16.4722,1.8,952.4
42093,NaN,18.2138,21.9,1452.9
42095,NaN,21.5017,1,1117.1
42097,NaN,33.33,2.2,1604
42099,NaN,24.78,0,1426.1
42101,NaN,25.7464,2.2,1464.5
42103,NaN,16.2683,0,1383.8
42105,NaN,29.2389,6,1690.5
42107,NaN,33.315,2.1,1753.4
42109,NaN,31.209,0,986.7
42111,NaN,33.477,4.1,1524
42113,NaN,23.9575,0,2042.5
42115,NaN,15.5048,7.4,1549.7
42117,NaN,29.7709,2.5,1373.8
42119,NaN,24.224,2.2,810.5
42121,NaN,31.83,2,1581.9
42123,NaN,22.8266,5.1,1486.2
42125,NaN,25.942,1.9,1571.3
42127,NaN,21.862,3.9,1484.1
42129,NaN,29.896,1.4,1499.4
42131,NaN,25.134,3.7,1756.3
42133,NaN,25.296,1.8,1200.4
44001,NaN,NaN,0,879.8
44003,NaN,NaN,0.6,1246.2
44005,NaN,NaN,2.4,1097.6
44007,NaN,NaN,2.4,1075.2
44009,NaN,NaN,1.6,1041.4
45001,NaN,NaN,4.1,1752.2
45003,NaN,NaN,0.6,1626.9
45005,NaN,NaN,11.2,2370
45007,NaN,NaN,2,1646
45009,NaN,NaN,0,2283.7
45011,NaN,NaN,4.7,2126.8
45013,NaN,NaN,2.1,1028
45015,NaN,NaN,0.5,1183.2
45017,NaN,NaN,0,1880.2
45019,NaN,NaN,3,1191.2
45021,NaN,NaN,1.8,1909.7
45023,NaN,NaN,3.1,2223.2
45025,NaN,NaN,2.2,2085.1
45027,NaN,NaN,5.9,1961.4
45029,NaN,NaN,2.7,2312.8
45031,NaN,NaN,3,2173.6
45033,NaN,NaN,3.3,2166.7
45035,NaN,NaN,1.2,1206.4
45037,NaN,NaN,3.7,1404.7
45039,NaN,NaN,4.5,2182.8
45041,NaN,NaN,4.3,1816.7
45043,NaN,NaN,3.2,1807.3
45045,NaN,NaN,2.3,1227.7
45047,NaN,NaN,2.8,1598.8
45049,NaN,NaN,5.2,2025.7
45051,NaN,NaN,1.7,1652.5
45053,NaN,NaN,3.5,1487.7
45055,NaN,NaN,1.5,1642
45057,NaN,NaN,1,1420.6
45059,NaN,NaN,1.5,2046.5
45061,NaN,NaN,5.8,2514.3
45063,NaN,NaN,1,1287.3
45065,NaN,NaN,0,2295.4
45067,NaN,NaN,3.2,2435.6
45069,NaN,NaN,3.8,2360
45071,NaN,NaN,2.6,1565.4
45073,NaN,NaN,1.3,1658.7
45075,NaN,NaN,2.3,2031.4
45077,NaN,NaN,1.6,1416.7
45079,NaN,NaN,4.1,1213.3
45081,NaN,NaN,0,1406.7
45083,NaN,NaN,1.9,1555
45085,NaN,NaN,0.9,1635.5
45087,NaN,NaN,3.6,2247.4
45089,NaN,NaN,3.3,2375.4
45091,NaN,NaN,0.7,1173.2
46003,NaN,NaN,0,0
46005,NaN,NaN,5.3,1117.4
46007,NaN,NaN,28.8,1989.6
46009,NaN,NaN,28.7,1060.2
46011,NaN,NaN,2.8,576.2
46013,NaN,NaN,7.6,994.5
46015,NaN,NaN,19.1,1223.9
46017,NaN,NaN,0,2897.8
46019,NaN,NaN,0,1203.3
46021,NaN,NaN,0,0
46023,NaN,NaN,21.4,1595.6
46025,NaN,NaN,0,0
46027,NaN,NaN,7.1,933
46029,NaN,NaN,3.6,970.9
46031,NaN,NaN,24,2545
46033,NaN,NaN,11.5,1444
46035,NaN,NaN,5.1,1167.3
46037,NaN,NaN,18.2,1598.5
46039,NaN,NaN,23.1,0
46041,NaN,NaN,0,1829.3
46043,NaN,NaN,34.1,0
46045,NaN,NaN,25.8,0
46047,NaN,NaN,44.4,2219.6
46049,NaN,NaN,42.9,0
46051,NaN,NaN,14,1147.3
46053,NaN,NaN,47.5,0
46055,NaN,NaN,52.1,0
46057,NaN,NaN,0,981.8
46059,NaN,NaN,30.7,0
46061,NaN,NaN,0,0
46063,NaN,NaN,0,0
46065,NaN,NaN,5.7,1031.2
46067,NaN,NaN,27.1,1043.4
46069,NaN,NaN,0,0
46071,NaN,NaN,0,1723.6
46073,NaN,NaN,48.9,0
46075,NaN,NaN,0,0
46077,NaN,NaN,20.3,0
46079,NaN,NaN,15.3,1041.6
46081,NaN,NaN,11.7,1115
46083,NaN,NaN,8.5,585
46085,NaN,NaN,0,1570.3
46087,NaN,NaN,0,1388.4
46089,NaN,NaN,41.5,0
46091,NaN,NaN,19.6,0
46093,NaN,NaN,7.1,1060.3
46095,NaN,NaN,0,2546.5
46097,NaN,NaN,0,0
46099,NaN,NaN,4.1,984.6
46101,NaN,NaN,15.2,988
46102,NaN,NaN,0,2613.7
46103,NaN,NaN,5.4,1159.9
46105,NaN,NaN,0,0
46107,NaN,NaN,45.3,0
46109,NaN,NaN,9.6,1416.7
46111,NaN,NaN,0,0
46115,NaN,NaN,15.4,1370.3
46117,NaN,NaN,0,0
46119,NaN,NaN,0,0
46121,NaN,NaN,9.7,2051.9
46123,NaN,NaN,18.3,1460.4
46125,NaN,NaN,11.9,1222.7
46127,NaN,NaN,6.4,1082
46129,NaN,NaN,17.9,1342.4
46135,NaN,NaN,13.1,1255
46137,NaN,NaN,36.5,1167
47001,279.8,NaN,1.3,1790
47003,275.3,NaN,4.1,1751.7
47005,234.8,NaN,6.2,2644.6
47007,216.9,NaN,6.8,1552
47009,264.9,NaN,1.5,1560
47011,589.4,NaN,1.9,1498.2
47013,318.3,NaN,5.1,2518.8
47015,262.8,NaN,6.9,1998.3
47017,292.6,NaN,7.1,2084.2
47019,404.6,NaN,1.8,1936.1
47021,222.6,NaN,2.5,1807.7
47023,237.3,NaN,0,1568.7
47025,292.9,NaN,3.1,2204.3
47027,336.9,NaN,13,2228.8
47029,321.5,NaN,2.8,2541
47031,220.8,NaN,5.4,1863.6
47033,209.4,NaN,0,1968.2
47035,268.1,NaN,1.7,1861.8
47037,280.8,NaN,2.2,1259.8
47039,341.7,NaN,8.5,2024.6
47041,278.1,NaN,5,2045.9
47043,222.7,NaN,1.9,1794.3
47045,289.4,NaN,2.7,2143.6
47047,325.9,NaN,2.5,1587.4
47049,345.8,NaN,5.5,2365.9
47051,255.4,NaN,4.8,1742.7
47053,234.5,NaN,4.1,2018.6
47055,376.2,NaN,3.4,1915.1
47057,302.4,NaN,0,2022
47059,272.1,NaN,2.9,2080
47061,449.6,NaN,0,2532.6
47063,401.1,NaN,3.1,1816.7
47065,317.6,NaN,3.6,1439.5
47067,320.7,NaN,15.3,2550
47069,408.4,NaN,4,2002.4
47071,252.2,NaN,3.9,2382.1
47073,263.6,NaN,1.8,1979.5
47075,473,NaN,5.8,2059.4
47077,283.7,NaN,3.6,1975.1
47079,238,NaN,3.1,2120
47081,227.4,NaN,4,1971
47083,484.1,NaN,12.1,2166.3
47085,183.9,NaN,5.4,2028.6
47087,348.7,NaN,8.5,2185.7
47089,342.5,NaN,1.9,1794
47091,331.9,NaN,5.6,2216.2
47093,291,NaN,2.4,1464.9
47095,337.3,NaN,0,2132
47097,325.3,NaN,3.9,1990.3
47099,338.4,NaN,2.3,1927.6
47101,355.8,NaN,0,2010.6
47103,240.3,NaN,2.9,1846.6
47105,254.5,NaN,1.9,1751
47107,290.9,NaN,3.8,1987.4
47109,251.6,NaN,0,2345.9
47111,523.4,NaN,4.1,1974
47113,340.1,NaN,3.1,1662.8
47115,392,NaN,3.5,2211.7
47117,276.1,NaN,3,1647.7
47119,312.7,NaN,1.1,1512.6
47121,349.4,NaN,0,2381
47123,332.2,NaN,2.2,1947.9
47125,147.1,NaN,0.5,1146.4
47127,280.8,NaN,0,1450.6
47129,203.9,NaN,0,1951
47131,330.4,NaN,3.3,1813.9
47133,290,NaN,4.5,2256.7
47135,359.6,NaN,12.4,2505
47137,551,NaN,0,2105.5
47139,479.3,NaN,5.9,2319.8
47141,261.3,NaN,1.3,1467.5
47143,248.2,NaN,3,2024.6
47145,282.3,NaN,3.8,2158.4
47147,595.7,NaN,1.4,1563.1
47149,180.7,NaN,0.9,1054.8
47151,290.4,NaN,4.5,2286.9
47153,255.4,NaN,0,1660.4
47155,283,NaN,1,1717.2
47157,381.9,NaN,2.5,1520.5
47159,295.9,NaN,5,1810.2
47161,191.7,NaN,0,1887.8
47163,472.5,NaN,3.2,1858.3
47165,379.4,NaN,1.6,1288.8
47167,261.4,NaN,1.6,1594.6
47169,372.3,NaN,9.1,1561.9
47171,377.2,NaN,11.3,2269
47173,299.7,NaN,0,1920
47175,381.6,NaN,0,2463.1
47177,200.6,NaN,2.4,1869
47179,279.9,NaN,5.4,1639.1
47181,368.4,NaN,6,1962.8
47183,209.5,NaN,6,1681.9
47185,405.8,NaN,3.7,2091.7
47187,126,NaN,0.9,675.4
47189,238.9,NaN,1.4,1233.8
48001,NaN,NaN,3.4,1946.4
48003,NaN,NaN,5.5,992.9
48005,NaN,NaN,4.6,1578.8
48007,NaN,NaN,0,2067.9
48009,NaN,NaN,0,1422.7
48011,NaN,NaN,0,0
48013,NaN,NaN,2,1214.5
48015,NaN,NaN,3.3,1263.8
48017,NaN,NaN,14.2,1081.5
48019,NaN,NaN,0,1537.9
48021,NaN,NaN,16.1,1316.5
48023,NaN,NaN,27.9,2400.9
48025,NaN,NaN,3.1,1328.8
48027,NaN,NaN,2.8,1012
48029,NaN,NaN,2.4,1028.2
48031,NaN,NaN,0,1461.3
48033,NaN,NaN,0,0
48035,NaN,NaN,5.4,1845.8
48037,NaN,NaN,6.4,1646.5
48039,NaN,NaN,1.6,1007
48041,NaN,NaN,3.1,620.9
48043,NaN,NaN,10.8,1467.6
48045,NaN,NaN,0,0
48047,NaN,NaN,0,1504.1
48049,NaN,NaN,2.6,1819.4
48051,NaN,NaN,5.4,1713
48053,NaN,NaN,4.2,1327.2
48055,NaN,NaN,4.6,1412.8
48057,NaN,NaN,4.6,1396
48059,NaN,NaN,0,1765
48061,NaN,NaN,2.6,931.1
48063,NaN,NaN,7.7,1657.3
48065,NaN,NaN,0,1482.1
48067,NaN,NaN,6.6,1889.2
48069,NaN,NaN,13,1122
48071,NaN,NaN,4.7,1161.3
48073,NaN,NaN,5.7,1580.1
48075,NaN,NaN,13.7,1207
48077,NaN,NaN,9.6,1568.5
48079,NaN,NaN,35.3,1586.7
48081,NaN,NaN,0,0
48083,NaN,NaN,23.8,1893.5
48085,NaN,NaN,2.8,622.8
48087,NaN,NaN,33.8,0
48089,NaN,NaN,14.1,1447
48091,NaN,NaN,3.4,1053.4
48093,NaN,NaN,7.4,1559
48095,NaN,NaN,23.4,0
48097,NaN,NaN,4.9,1471.4
48099,NaN,NaN,1.3,1002.6
48101,NaN,NaN,0,0
48103,NaN,NaN,20.9,1147.3
48105,NaN,NaN,0,1686.2
48107,NaN,NaN,17.3,1799.6
48109,NaN,NaN,45.4,0
48111,NaN,NaN,0,1138.9
48113,NaN,NaN,2.2,992.5
48115,NaN,NaN,7.9,1418.5
48117,NaN,NaN,5.3,1156.7
48119,NaN,NaN,0,2187.3
48121,NaN,NaN,2.3,664.1
48123,NaN,NaN,5,1684.3
48125,NaN,NaN,0,0
48127,NaN,NaN,9.7,1329.1
48129,NaN,NaN,0,0
48131,NaN,NaN,0,1721.4
48133,NaN,NaN,5.5,1746.5
48135,NaN,NaN,3.1,1284.8
48137,NaN,NaN,0,0
48139,NaN,NaN,1.7,1070.6
48141,NaN,NaN,2.3,904.7
48143,NaN,NaN,2.4,1069.6
48145,NaN,NaN,5.8,1597.9
48147,NaN,NaN,5.7,1895.9
48149,NaN,NaN,3.9,1317.6
48151,NaN,NaN,26,0
48153,NaN,NaN,17.1,1182.1
48155,NaN,NaN,0,0
48157,NaN,NaN,1.7,665
48159,NaN,NaN,9.3,1588.3
48161,NaN,NaN,5,1600.4
48163,NaN,NaN,10.1,1175.8
48165,NaN,NaN,4.8,808.6
48167,NaN,NaN,1.2,1321.7
48169,NaN,NaN,0,1094.6
48171,NaN,NaN,3.7,1317
48173,NaN,NaN,0,0
48175,NaN,NaN,0,1661.4
48177,NaN,NaN,4.8,1402.1
48179,NaN,NaN,4.6,1776.7
48181,NaN,NaN,6,1568.8
48183,NaN,NaN,5.7,1529.4
48185,NaN,NaN,3.5,1639.6
48187,NaN,NaN,0.6,1009.8
48189,NaN,NaN,5.9,1185.3
48191,NaN,NaN,0,0
48193,NaN,NaN,11.8,1980.2
48195,NaN,NaN,18.3,1244.7
48197,NaN,NaN,51,1861.3
48199,NaN,NaN,1.7,1562.7
48201,NaN,NaN,2,947.6
48203,NaN,NaN,1.5,1573.6
48205,NaN,NaN,17.8,0
48207,NaN,NaN,17.2,1909.5
48209,NaN,NaN,2.2,753.3
48211,NaN,NaN,26.1,1359.5
48213,NaN,NaN,1.2,2030.4
48215,NaN,NaN,2,749.5
48217,NaN,NaN,5.5,1713.7
48219,NaN,NaN,4.4,1396.9
48221,NaN,NaN,1.7,1445.4
48223,NaN,NaN,2.7,1575.7
48225,NaN,NaN,4.3,1765.3
48227,NaN,NaN,8.2,1637.5
48229,NaN,NaN,0,0
48231,NaN,NaN,2.1,1555.6
48233,NaN,NaN,4.7,1618.1
48235,NaN,NaN,0,0
48237,NaN,NaN,11.3,1684.9
48239,NaN,NaN,6.7,1539.6
48241,NaN,NaN,2.8,1759
48243,NaN,NaN,0,0
48245,NaN,NaN,5.9,1488.2
48247,NaN,NaN,0,1200.5
48249,NaN,NaN,2.4,1516.3
48251,NaN,NaN,0.6,1300.8
48253,NaN,NaN,15.1,1301.9
48255,NaN,NaN,6.4,1207.7
48257,NaN,NaN,2.3,1188
48259,NaN,NaN,0,893.9
48261,NaN,NaN,0,0
48263,NaN,NaN,0,0
48265,NaN,NaN,5.7,1551.4
48267,NaN,NaN,22.9,0
48269,NaN,NaN,0,0
48271,NaN,NaN,0,0
48273,NaN,NaN,3.2,1365.3
48275,NaN,NaN,27.4,1916.2
48277,NaN,NaN,6,1761.6
48279,NaN,NaN,7.6,1497.2
48281,NaN,NaN,4.7,1408.5
48283,NaN,NaN,0,1128.7
48285,NaN,NaN,9.9,1407.3
48287,NaN,NaN,0,1411.6
48289,NaN,NaN,0,1870.3
48291,NaN,NaN,3.5,1708.7
48293,NaN,NaN,8.5,1658.2
48295,NaN,NaN,0,0
48297,NaN,NaN,0,1265.8
48299,NaN,NaN,4.6,1806.3
48301,NaN,NaN,0,0
48303,NaN,NaN,3.6,1228.3
48305,NaN,NaN,17,1599.5
48307,NaN,NaN,12.5,1940.7
48309,NaN,NaN,1.6,1192
48311,NaN,NaN,0,0
48313,NaN,NaN,6.9,1546.2
48315,NaN,NaN,0,2498
48317,NaN,NaN,17.4,1460.1
48319,NaN,NaN,0,0
48321,NaN,NaN,5.5,1674.3
48323,NaN,NaN,1.7,967.8
48325,NaN,NaN,2,1182.2
48327,NaN,NaN,0,0
48329,NaN,NaN,2.9,959.6
48331,NaN,NaN,8,1635.4
48333,NaN,NaN,0,1849.2
48335,NaN,NaN,12.3,1608.3
48337,NaN,NaN,10.2,1862.6
48339,NaN,NaN,2.9,983.4
48341,NaN,NaN,4.7,1056.6
48343,NaN,NaN,0,2099
48345,NaN,NaN,0,0
48347,NaN,NaN,4.6,1217.5
48349,NaN,NaN,2,1601.9
48351,NaN,NaN,0,2015.1
48353,NaN,NaN,6.8,1742.3
48355,NaN,NaN,4.1,1292.7
48357,NaN,NaN,10.1,1105.9
48359,NaN,NaN,0,0
48361,NaN,NaN,1.2,1913.3
48363,NaN,NaN,3.5,1731.6
48365,NaN,NaN,4.3,1745.3
48367,NaN,NaN,1.4,1211.2
48369,NaN,NaN,10.1,973.2
48371,NaN,NaN,12.8,1161.2
48373,NaN,NaN,2,2068.7
48375,NaN,NaN,7.5,1564.6
48377,NaN,NaN,0,863.6
48379,NaN,NaN,0,1908.1
48381,NaN,NaN,0.7,1097.8
48383,NaN,NaN,26.7,0
48385,NaN,NaN,0,0
48387,NaN,NaN,0,2061.6
48389,NaN,NaN,6.4,1121.4
48391,NaN,NaN,14.2,1834.5
48393,NaN,NaN,0,0
48395,NaN,NaN,0,1724.1
48397,NaN,NaN,3,760
48399,NaN,NaN,19.5,1641.6
48401,NaN,NaN,1.8,1480.3
48403,NaN,NaN,9.4,2464.8
48405,NaN,NaN,12.1,2198.7
48407,NaN,NaN,0,1803.7
48409,NaN,NaN,1.5,1490.4
48411,NaN,NaN,0,1519.7
48413,NaN,NaN,34.5,0
48415,NaN,NaN,5.9,1334
48417,NaN,NaN,0,0
48419,NaN,NaN,0,1711.4
48421,NaN,NaN,0,0
48423,NaN,NaN,4.3,1229.7
48425,NaN,NaN,11.1,1331
48427,NaN,NaN,1.5,928.3
48429,NaN,NaN,10.6,1717.4
48431,NaN,NaN,0,0
48433,NaN,NaN,73.4,0
48435,NaN,NaN,26.6,0
48437,NaN,NaN,13.4,1433.9
48439,NaN,NaN,2.7,968.5
48441,NaN,NaN,3.6,1420.4
48443,NaN,NaN,0,0
48445,NaN,NaN,8.1,1587
48447,NaN,NaN,66,0
48449,NaN,NaN,3,1192.7
48451,NaN,NaN,3.4,1253.9
48453,NaN,NaN,2.4,683.6
48455,NaN,NaN,6.8,2632.3
48457,NaN,NaN,4.6,1834.4
48459,NaN,NaN,0,1808
48461,NaN,NaN,81.7,1198.6
48463,NaN,NaN,3.7,1240.4
48465,NaN,NaN,4.1,1105.5
48467,NaN,NaN,1.8,1631.6
48469,NaN,NaN,6.5,1241.9
48471,NaN,NaN,1.4,1176.9
48473,NaN,NaN,0,992
48475,NaN,NaN,8.5,1638.2
48477,NaN,NaN,2.8,1273.2
48479,NaN,NaN,2.2,790.8
48481,NaN,NaN,4.8,1508.9
48483,NaN,NaN,38.5,1733.8
48485,NaN,NaN,5.3,1528
48487,NaN,NaN,15.6,1755.1
48489,NaN,NaN,0,1241
48491,NaN,NaN,2.1,683.8
48493,NaN,NaN,2,1136.9
48495,NaN,NaN,13,1515.5
48497,NaN,NaN,4.4,1399.6
48499,NaN,NaN,4.4,1832.5
48501,NaN,NaN,11.6,1047.6
48503,NaN,NaN,11.1,1895.3
48505,NaN,NaN,0,1113.5
48507,NaN,NaN,0,1410.3
49001,NaN,NaN,30.4,1018.2
49003,NaN,NaN,3.6,942.7
49005,NaN,NaN,1.6,554
49007,NaN,NaN,4.9,1509.7
49009,NaN,NaN,0,0
49011,NaN,NaN,1.7,641.7
49013,NaN,NaN,10,1132
49015,NaN,NaN,0,1477.9
49017,NaN,NaN,19.7,1338.6
49019,NaN,NaN,10.2,1310.9
49021,NaN,NaN,1.9,947.4
49023,NaN,NaN,8.7,900
49025,NaN,NaN,13,1245.3
49027,NaN,NaN,15.4,1068.7
49029,NaN,NaN,0,589.5
49031,NaN,NaN,0,0
49033,NaN,NaN,0,0
49035,NaN,NaN,2.2,844
49037,NaN,NaN,12.9,1294.6
49039,NaN,NaN,6.5,885
49041,NaN,NaN,4.6,1123.5
49043,NaN,NaN,2.4,560.4
49045,NaN,NaN,1.4,882.6
49047,NaN,NaN,2.8,1063.8
49049,NaN,NaN,1.6,535.7
49051,NaN,NaN,3,583.6
49053,NaN,NaN,1.2,891.1
49055,NaN,NaN,0,0
49057,NaN,NaN,1.2,973.6
50001,NaN,NaN,2.7,906.1
50003,NaN,NaN,2.8,1487.5
50005,NaN,NaN,3.3,1293.6
50007,NaN,NaN,0.6,836.7
50009,NaN,NaN,0,1728
50011,NaN,NaN,2,1177.6
50013,NaN,NaN,0,1297.6
50015,NaN,NaN,4,1051.4
50017,NaN,NaN,3.4,1151.8
50019,NaN,NaN,3.7,1482.9
50021,NaN,NaN,1.7,1508.4
50023,NaN,NaN,5.2,1124.9
50025,NaN,NaN,7,1405.7
50027,NaN,NaN,5.4,1305.9
51001,626.3,NaN,0,1851.2
51003,195.9,NaN,3.7,778.2
51005,389,NaN,6.7,2038.9
51007,376.5,NaN,0,1890.4
51009,379,NaN,0,1471.6
51011,423,NaN,0,1534
51013,348.2,NaN,0.4,453.4
51015,218.7,NaN,1.3,1207.3
51017,163.1,NaN,23.3,0
51019,266.7,NaN,0,1413.4
51021,397.3,NaN,0,1779.8
51023,192.3,NaN,0,1241.1
51025,323.5,NaN,0,2026.4
51027,471.2,NaN,4.7,2497.5
51029,329.4,NaN,0,1494.2
51031,285.6,NaN,0,1437.1
51033,198.2,NaN,0,1488.4
51035,634.4,NaN,0,1633.1
51036,504.3,NaN,0,2117.9
51037,444,NaN,0,1826.1
51041,264.8,NaN,1.1,1048.6
51043,296.1,NaN,0,1322
51045,296.2,NaN,0,0
51047,356.7,NaN,1.9,1261.1
51049,265.1,NaN,0,1325.3
51051,275.4,NaN,6.9,2306.7
51053,308.5,NaN,3.5,1416.1
51057,384.7,NaN,9.2,1630.2
51059,336.5,NaN,0.6,552.5
51061,271.7,NaN,1.4,1136.2
51063,183.6,NaN,0,1354.9
51065,283.8,NaN,0,1172.4
51067,291.8,NaN,1.8,1530.4
51069,254.7,NaN,0,1093.3
51071,296.8,NaN,11.9,1953.2
51073,158,NaN,2.7,1654.7
51075,219.4,NaN,0,1239
51077,556.6,NaN,0,1669.8
51079,333.7,NaN,0,1046.6
51081,455.8,NaN,0,2029.8
51083,225.7,NaN,2.9,1972.5
51085,258.3,NaN,2.8,1087.3
51087,311,NaN,1.5,1081.5
51089,659.4,NaN,0,1823.2
51091,45.2,NaN,0,0
51093,387,NaN,0,1312.5
51095,188.5,NaN,2.6,1060.3
51097,355,NaN,0,2130.1
51099,203.2,NaN,0,1072.4
51101,253.9,NaN,0,1287
51103,222.6,NaN,9.3,1826.9
51105,463,NaN,4.2,2017.8
51107,251,NaN,1,463.8
51109,282.8,NaN,0,1468.3
51111,206.9,NaN,0,1787.2
51113,158,NaN,0,1429.1
51115,249.9,NaN,0,1545.1
51117,300.2,NaN,3.3,2150.1
51119,222.9,NaN,0,1950
51121,178.8,NaN,2,855.7
51125,262.9,NaN,0,1806.4
51127,151.8,NaN,4.5,1210.3
51131,664.7,NaN,8.5,2138.9
51133,263.4,NaN,0,1646.5
51135,642,NaN,6.5,1763.9
51137,234.7,NaN,0,1476.4
51139,455.4,NaN,4.2,1692.2
51141,582.8,NaN,5.7,1980.4
51143,382.3,NaN,0,1706.3
51145,191.9,NaN,0,962.7
51147,444.4,NaN,4.4,1411.8
51149,144.4,NaN,0,990
51153,341.4,NaN,0.6,694.4
51155,352.3,NaN,2.9,1960.9
51157,248.2,NaN,0,0
51159,509,NaN,0,1770.3
51161,172.2,NaN,1.1,1324.5
51163,197.8,NaN,0,1274.6
51165,462.8,NaN,1.2,1029
51167,482.3,NaN,3.7,2153.4
51169,561.9,NaN,0,2099
51171,450.6,NaN,2.3,1317.3
51173,630.1,NaN,9.8,2244.7
51175,307.1,NaN,0,1603.5
51177,225.7,NaN,0.7,1098.8
51179,233.4,NaN,0.7,795.5
51181,324.4,NaN,0,1838.1
51183,418.3,NaN,0,1904.4
51185,381.8,NaN,4.9,2305.7
51187,272.5,NaN,2.5,1502.4
51191,737.1,NaN,3.7,1648.8
51193,420.6,NaN,0,1811.6
51195,418.3,NaN,2.6,2141.4
51197,497.3,NaN,3.5,1989.3
51199,97.3,NaN,2.9,757.6
51510,343.2,NaN,0.6,575
51520,546.1,NaN,12.1,2299.5
51530,336.7,NaN,0,0
51540,216.1,NaN,2.1,841.7
51550,396.5,NaN,0.4,1102.5
51570,415,NaN,0,1721.5
51580,494.5,NaN,0,3113.6
51590,675.8,NaN,4.9,2329.6
51595,976.4,NaN,19.5,1855.1
51600,191.3,NaN,0,976.6
51610,135.4,NaN,0,690.5
51620,698.9,NaN,12.5,2633.2
51630,339.7,NaN,6.9,967.6
51640,1416.8,NaN,15.6,3191.7
51650,262.8,NaN,2.2,1471.2
51660,340.5,NaN,1.9,638.5
51670,464.7,NaN,8.9,2394.2
51678,322.3,NaN,14,0
51680,379.9,NaN,3.7,1186
51683,405.9,NaN,2.4,934.2
51685,392.9,NaN,0,0
51690,1193.6,NaN,7.8,2999.5
51700,230.6,NaN,2.8,1347.5
51710,391.3,NaN,2.9,1376.6
51720,453.6,NaN,50.4,2066.5
51730,506.9,NaN,9.5,2923.9
51735,172.3,NaN,0,1230.5
51740,690,NaN,2.1,1814.4
51750,201.8,NaN,0,883.4
51760,342.7,NaN,3.1,1364.6
51770,237.2,NaN,2,1892.5
51775,269.1,NaN,7.8,1747.1
51790,329,NaN,8,1881.9
51800,476,NaN,3.3,1178.9
51810,345,NaN,0.9,942
51820,322.6,NaN,0,1644
51830,181.3,NaN,6.7,0
51840,405.6,NaN,7.1,1198.9
53001,NaN,52.9432,10.1,890.7
53003,NaN,24.4927,4.4,1402
53005,NaN,53.979,2,939.2
53007,NaN,57.376,5.2,980.1
53009,NaN,67.777,2.6,1468.7
53011,NaN,45.5544,0.8,947.8
53013,NaN,64.4945,24.6,1872.4
53015,NaN,64.162,1.8,1544.2
53017,NaN,54.638,0,839
53019,NaN,52.36,13.1,1778
53021,NaN,57.955,1.1,658.2
53023,NaN,37.933,44.5,0
53025,NaN,51.379,4.1,1044.9
53027,NaN,82.703,5.4,1767.2
53029,NaN,51.4825,2.4,1084.5
53031,NaN,64.8731,3.2,1399.4
53033,NaN,50.073,1.4,749
53035,NaN,49.5138,1.5,1079.3
53037,NaN,58.7279,2.1,869.9
53039,NaN,37.8298,9,1470.1
53041,NaN,67.078,2.5,1541.4
53043,NaN,36.4445,18.6,1406
53045,NaN,66.507,1.5,1462.4
53047,NaN,50.026,7.1,1478.7
53049,NaN,64.405,9.1,2024
53051,NaN,55.9734,7.4,1668.9
53053,NaN,66.678,1.2,1105.8
53055,NaN,55.3465,5.8,957.5
53057,NaN,63.089,2.3,1113.1
53059,NaN,51.674,0,1207.6
53061,NaN,62.206,1,931.6
53063,NaN,58.314,1.9,1210.2
53065,NaN,53.838,4.4,1467.1
53067,NaN,58.233,0.7,1045.3
53069,NaN,51.9213,0,0
53071,NaN,40.7174,4.9,1073.5
53073,NaN,62.474,0.9,925.2
53075,NaN,28.2319,4,626.6
53077,NaN,58.651,1.6,1156.9
54001,NaN,NaN,6,1711.5
54003,NaN,NaN,1.7,1568.4
54005,NaN,NaN,4.6,2546.6
54007,NaN,NaN,7.1,2129.3
54009,NaN,NaN,9,1756.5
54011,NaN,NaN,6.4,2216.2
54013,NaN,NaN,13.8,1668
54015,NaN,NaN,0,2224.3
54017,NaN,NaN,0,1498.9
54019,NaN,NaN,4.6,2371.1
54021,NaN,NaN,0,1495.1
54023,NaN,NaN,8.6,1574.1
54025,NaN,NaN,2.9,1923.2
54027,NaN,NaN,4.3,1790.4
54029,NaN,NaN,0,2045.1
54031,NaN,NaN,0,1510
54033,NaN,NaN,4.4,1817.8
54035,NaN,NaN,3.5,1679.1
54037,NaN,NaN,1.8,1434.6
54039,NaN,NaN,4.4,2111.3
54041,NaN,NaN,12.5,2234.1
54043,NaN,NaN,0,2330.2
54045,NaN,NaN,3.1,3048.4
54047,NaN,NaN,5.5,3325.5
54049,NaN,NaN,1.8,1665
54051,NaN,NaN,3.2,1679.4
54053,NaN,NaN,3.7,2069.8
54055,NaN,NaN,5.1,2343.9
54057,NaN,NaN,3.7,1714.9
54059,NaN,NaN,4.2,2703.4
54061,NaN,NaN,2.8,929.3
54063,NaN,NaN,0,1634
54065,NaN,NaN,5.6,1984.6
54067,NaN,NaN,4,2040.9
54069,NaN,NaN,9.6,1781.8
54071,NaN,NaN,0,1629.3
54073,NaN,NaN,0,1758.4
54075,NaN,NaN,11.9,1782.7
54077,NaN,NaN,5.9,1551.5
54079,NaN,NaN,1.8,1536.6
54081,NaN,NaN,4,2239.6
54083,NaN,NaN,3.5,1731.3
54085,NaN,NaN,0,1831.1
54087,NaN,NaN,7.2,2505
54089,NaN,NaN,7.8,2327.6
54091,NaN,NaN,5.9,1755.4
54093,NaN,NaN,0,1596
54095,NaN,NaN,11.4,1932.3
54097,NaN,NaN,4.1,1622
54099,NaN,NaN,2.5,2037.9
54101,NaN,NaN,12.1,2401.9
54103,NaN,NaN,6.5,1964.6
54105,NaN,NaN,0,1629.5
54107,NaN,NaN,2.4,1864.5
54109,NaN,NaN,0,2723
55001,466.9,43.0069,4.9,1808.5
55003,346.2,66.975,6.4,1519.2
55005,582.3,52.169,6.6,1262.1
55007,312.5,53.407,0,1455.9
55009,510.3,49.072,3,956.4
55011,464.8,40.9287,0,1142.9
55013,675.7,46.255,6.5,1695.7
55015,526.3,58.426,2,803.4
55017,391.4,49.864,3.1,1047.8
55019,682.8,47.692,5.8,1149.6
55021,517.8,62.391,3.5,1152.4
55023,527.9,51.1805,6.1,1209.3
55025,256.7,38.0843,1.7,757.2
55027,750.2,51.383,3.4,1207.8
55029,322.3,52.972,3.6,1271.3
55031,342.5,34.6503,2.3,1252.1
55033,365.6,39.03,2.2,946.1
55035,374,46.2926,3.8,989.2
55037,694.3,46.021,0,0
55039,642.3,49.929,3.9,1038.2
55041,600.6,78.388,0,1635
55043,516,37.813,7.8,923.3
55045,482,41.347,2.7,1001.9
55047,465.2,62.063,5.3,1474.8
55049,345,58.318,4.2,1039.1
55051,740,64.1807,0,0
55053,454.1,56.081,4.9,1421
55055,471,43.359,1.2,1084.2
55057,627.4,67.555,3.8,1529.1
55059,541.1,40.516,1.8,1155.4
55061,534.8,44.4002,0,1069.5
55063,336.6,45.586,1.7,969.3
55065,486,35.9695,6,1092.1
55067,565.7,60.306,5.2,1307.9
55069,451.4,63.175,7.2,1394.1
55071,498.3,59.572,2.5,1216.6
55073,497.7,58.854,2.2,974.7
55075,601,73.821,2.5,1471.5
55077,537.8,69.825,0,1742.9
55078,1288.1,98.087,0,2125.4
55079,730.3,66.605,2.3,1314.8
55081,349.6,51.759,8.7,1274.7
55083,573.6,47.022,5.3,1282.1
55085,524.4,58.621,5.6,1415.3
55087,407.8,48.573,1.6,911.1
55089,455.4,38.8462,3.4,821.1
55091,480.2,33.6703,13.7,1138.7
55093,305.5,26.0849,0,841.3
55095,353.2,37.2353,9.2,1222.5
55097,425.7,54.17,1.4,800.7
55099,671.8,66.906,7.5,1448.1
55101,664.9,59.284,2,1234.6
55103,437.4,45.4598,5.8,1179.7
55105,476.9,56.852,2.5,1234
55107,643.2,77.611,7.1,1512.7
55109,337.8,31.2901,5.6,796
55111,381.3,64.448,6.2,1196.9
55113,491.2,59.007,6.1,1655.6
55115,517.2,51.439,2.5,1399.6
55117,495.4,48.133,1.7,1049.8
55119,338,49.865,9.8,1004.3
55121,394,52.589,6.8,1090.3
55123,246.9,42.1995,6.5,1117.4
55125,601.7,48.5945,4.6,1595.4
55127,349,35.9006,1.9,1106.8
55129,629.8,54.578,18.9,1580.8
55131,362.6,45.412,1.5,884.3
55133,489.5,41.435,2.2,865.9
55135,518.3,60.818,2,1455.2
55137,531.7,56.424,4.1,1549.7
55139,457.3,49.942,2.9,1049.6
55141,371,55.741,4.1,1314.1
56001,NaN,20.6416,2.6,681.3
56003,NaN,23.7094,16.8,1641.3
56005,NaN,44.1791,2.2,927.6
56007,NaN,24.9826,6.7,1509.6
56009,NaN,29.2565,7.3,1356.3
56011,NaN,16.364,13.4,1221.5
56013,NaN,32.7278,5.1,1712.6
56015,NaN,17.5108,15,1420.5
56017,NaN,23.493,43.9,1931.9
56019,NaN,27.535,11.8,1418.4
56021,NaN,32.2838,2,1170
56023,NaN,28.0367,10.3,1013.7
56025,NaN,52.579,7.6,1255.1
56027,NaN,5.167,41.9,0
56029,NaN,29.0497,6.8,1244.7
56031,NaN,23.068,11.7,1400.9
56033,NaN,27.5562,6.6,1445.4
56035,NaN,36.623,0,988.5
56037,NaN,37.0915,4.6,1235.7
56039,NaN,46.2875,4.3,472.2
56041,NaN,31.5186,9.9,1261.1
56043,NaN,26.842,12.7,1395.1
56045,NaN,15.974,14.4,1277.5